customer_id,experiment_group,assign_date
1,B,2024-01-02
2,A,2024-01-05
3,B,2024-01-15
4,A,2024-01-14
5,B,2024-01-08
6,A,2024-01-04
7,A,2024-01-12
8,A,2024-01-05
9,A,2024-01-09
10,B,2024-01-01
11,B,2024-01-01
12,A,2024-01-05
13,B,2024-01-09
14,A,2024-01-04
15,A,2024-01-09
16,B,2024-01-05
17,B,2024-01-13
18,B,2024-01-10
19,B,2024-01-09
20,A,2024-01-11
21,A,2024-01-05
22,B,2024-01-07
23,B,2024-01-04
24,A,2024-01-13
25,A,2024-01-15
26,B,2024-01-02
27,B,2024-01-03
28,B,2024-01-03
29,B,2024-01-13
30,B,2024-01-09
31,A,2024-01-14
32,B,2024-01-14
33,A,2024-01-06
34,A,2024-01-06
35,B,2024-01-10
36,A,2024-01-04
37,A,2024-01-03
38,A,2024-01-12
39,A,2024-01-14
40,A,2024-01-16
41,B,2024-01-07
42,A,2024-01-06
43,A,2024-01-11
44,B,2024-01-10
45,B,2024-01-09
46,B,2024-01-04
47,A,2024-01-07
48,A,2024-01-15
49,A,2024-01-04
50,B,2024-01-08
51,B,2024-01-11
52,A,2024-01-15
53,B,2024-01-10
54,B,2024-01-08
55,B,2024-01-14
56,A,2024-01-11
57,A,2024-01-04
58,B,2024-01-13
59,A,2024-01-03
60,B,2024-01-03
61,B,2024-01-16
62,B,2024-01-07
63,B,2024-01-03
64,B,2024-01-06
65,B,2024-01-04
66,A,2024-01-06
67,A,2024-01-05
68,A,2024-01-10
69,B,2024-01-04
70,B,2024-01-08
71,B,2024-01-05
72,A,2024-01-05
73,A,2024-01-02
74,B,2024-01-02
75,B,2024-01-09
76,A,2024-01-09
77,B,2024-01-10
78,B,2024-01-12
79,A,2024-01-03
80,B,2024-01-09
81,B,2024-01-08
82,B,2024-01-15
83,A,2024-01-06
84,A,2024-01-11
85,B,2024-01-15
86,B,2024-01-02
87,A,2024-01-07
88,B,2024-01-01
89,B,2024-01-10
90,B,2024-01-03
91,A,2024-01-16
92,B,2024-01-15
93,B,2024-01-05
94,B,2024-01-04
95,B,2024-01-06
96,B,2024-01-16
97,B,2024-01-11
98,B,2024-01-16
99,A,2024-01-08
100,A,2024-01-16
101,A,2024-01-06
102,B,2024-01-01
103,A,2024-01-16
104,A,2024-01-08
105,A,2024-01-15
106,A,2024-01-10
107,B,2024-01-14
108,B,2024-01-14
109,B,2024-01-03
110,A,2024-01-05
111,A,2024-01-11
112,B,2024-01-06
113,B,2024-01-05
114,A,2024-01-10
115,B,2024-01-07
116,A,2024-01-02
117,B,2024-01-12
118,A,2024-01-03
119,A,2024-01-13
120,A,2024-01-14
121,A,2024-01-14
122,B,2024-01-11
123,A,2024-01-08
124,B,2024-01-05
125,A,2024-01-11
126,A,2024-01-05
127,A,2024-01-13
128,A,2024-01-06
129,A,2024-01-03
130,B,2024-01-05
131,B,2024-01-08
132,A,2024-01-09
133,A,2024-01-16
134,A,2024-01-01
135,B,2024-01-13
136,B,2024-01-03
137,A,2024-01-02
138,B,2024-01-12
139,B,2024-01-16
140,B,2024-01-13
141,B,2024-01-12
142,A,2024-01-06
143,B,2024-01-05
144,B,2024-01-02
145,B,2024-01-03
146,B,2024-01-14
147,B,2024-01-04
148,B,2024-01-16
149,B,2024-01-10
150,B,2024-01-09
151,A,2024-01-12
152,A,2024-01-09
153,A,2024-01-15
154,B,2024-01-03
155,A,2024-01-03
156,A,2024-01-12
157,B,2024-01-04
158,A,2024-01-12
159,B,2024-01-06
160,A,2024-01-13
161,A,2024-01-11
162,A,2024-01-05
163,B,2024-01-14
164,A,2024-01-14
165,B,2024-01-03
166,A,2024-01-02
167,A,2024-01-01
168,A,2024-01-08
169,A,2024-01-08
170,A,2024-01-11
171,A,2024-01-13
172,B,2024-01-05
173,A,2024-01-01
174,A,2024-01-01
175,B,2024-01-03
176,A,2024-01-03
177,A,2024-01-12
178,A,2024-01-16
179,B,2024-01-04
180,A,2024-01-12
181,B,2024-01-03
182,A,2024-01-13
183,B,2024-01-03
184,B,2024-01-14
185,A,2024-01-16
186,A,2024-01-09
187,B,2024-01-03
188,B,2024-01-16
189,A,2024-01-03
190,B,2024-01-03
191,A,2024-01-15
192,A,2024-01-10
193,B,2024-01-12
194,A,2024-01-01
195,B,2024-01-14
196,B,2024-01-03
197,A,2024-01-13
198,A,2024-01-02
199,A,2024-01-03
200,A,2024-01-11
201,A,2024-01-10
202,B,2024-01-01
203,A,2024-01-04
204,B,2024-01-13
205,A,2024-01-05
206,A,2024-01-16
207,B,2024-01-05
208,A,2024-01-12
209,A,2024-01-08
210,B,2024-01-03
211,B,2024-01-04
212,A,2024-01-06
213,A,2024-01-16
214,A,2024-01-11
215,B,2024-01-12
216,B,2024-01-03
217,B,2024-01-12
218,B,2024-01-16
219,B,2024-01-01
220,B,2024-01-14
221,A,2024-01-09
222,A,2024-01-04
223,B,2024-01-16
224,B,2024-01-14
225,A,2024-01-05
226,B,2024-01-04
227,A,2024-01-10
228,A,2024-01-11
229,B,2024-01-02
230,B,2024-01-12
231,B,2024-01-11
232,A,2024-01-11
233,A,2024-01-08
234,A,2024-01-05
235,B,2024-01-10
236,A,2024-01-14
237,A,2024-01-04
238,A,2024-01-13
239,B,2024-01-15
240,B,2024-01-04
241,A,2024-01-04
242,B,2024-01-07
243,B,2024-01-11
244,A,2024-01-07
245,A,2024-01-13
246,B,2024-01-11
247,B,2024-01-04
248,B,2024-01-07
249,A,2024-01-07
250,A,2024-01-03
251,B,2024-01-11
252,A,2024-01-02
253,A,2024-01-07
254,B,2024-01-02
255,B,2024-01-05
256,B,2024-01-15
257,A,2024-01-12
258,A,2024-01-05
259,A,2024-01-16
260,B,2024-01-05
261,A,2024-01-09
262,A,2024-01-05
263,A,2024-01-02
264,B,2024-01-11
265,A,2024-01-15
266,B,2024-01-08
267,A,2024-01-04
268,B,2024-01-15
269,A,2024-01-02
270,B,2024-01-14
271,A,2024-01-13
272,B,2024-01-15
273,A,2024-01-03
274,B,2024-01-14
275,A,2024-01-02
276,B,2024-01-10
277,B,2024-01-02
278,B,2024-01-09
279,A,2024-01-10
280,B,2024-01-13
281,B,2024-01-03
282,A,2024-01-09
283,B,2024-01-12
284,B,2024-01-01
285,A,2024-01-11
286,A,2024-01-01
287,B,2024-01-12
288,A,2024-01-11
289,B,2024-01-08
290,A,2024-01-05
291,B,2024-01-11
292,B,2024-01-10
293,B,2024-01-10
294,B,2024-01-11
295,A,2024-01-04
296,B,2024-01-06
297,B,2024-01-05
298,B,2024-01-14
299,B,2024-01-14
300,B,2024-01-03
301,A,2024-01-08
302,A,2024-01-13
303,B,2024-01-10
304,A,2024-01-12
305,B,2024-01-12
306,A,2024-01-08
307,B,2024-01-11
308,B,2024-01-11
309,A,2024-01-14
310,A,2024-01-06
311,A,2024-01-16
312,B,2024-01-08
313,B,2024-01-12
314,B,2024-01-10
315,B,2024-01-07
316,B,2024-01-11
317,A,2024-01-12
318,B,2024-01-05
319,B,2024-01-15
320,B,2024-01-02
321,B,2024-01-05
322,A,2024-01-03
323,A,2024-01-11
324,A,2024-01-08
325,B,2024-01-15
326,B,2024-01-10
327,A,2024-01-08
328,A,2024-01-11
329,A,2024-01-10
330,B,2024-01-13
331,A,2024-01-01
332,A,2024-01-15
333,B,2024-01-01
334,A,2024-01-16
335,B,2024-01-15
336,B,2024-01-15
337,A,2024-01-02
338,A,2024-01-08
339,A,2024-01-12
340,B,2024-01-09
341,B,2024-01-15
342,A,2024-01-12
343,B,2024-01-09
344,A,2024-01-08
345,A,2024-01-13
346,B,2024-01-07
347,A,2024-01-12
348,B,2024-01-08
349,B,2024-01-08
350,B,2024-01-11
351,A,2024-01-09
352,A,2024-01-16
353,A,2024-01-14
354,B,2024-01-01
355,B,2024-01-16
356,B,2024-01-04
357,A,2024-01-16
358,A,2024-01-03
359,A,2024-01-03
360,B,2024-01-09
361,B,2024-01-05
362,B,2024-01-16
363,B,2024-01-05
364,A,2024-01-16
365,A,2024-01-10
366,A,2024-01-13
367,A,2024-01-05
368,A,2024-01-10
369,B,2024-01-15
370,B,2024-01-07
371,A,2024-01-15
372,B,2024-01-03
373,A,2024-01-02
374,A,2024-01-12
375,B,2024-01-16
376,B,2024-01-06
377,B,2024-01-14
378,B,2024-01-14
379,A,2024-01-07
380,A,2024-01-02
381,B,2024-01-04
382,B,2024-01-04
383,A,2024-01-05
384,B,2024-01-13
385,A,2024-01-15
386,A,2024-01-02
387,A,2024-01-16
388,B,2024-01-15
389,A,2024-01-11
390,B,2024-01-16
391,B,2024-01-08
392,A,2024-01-02
393,A,2024-01-01
394,A,2024-01-16
395,B,2024-01-09
396,A,2024-01-02
397,B,2024-01-13
398,A,2024-01-03
399,B,2024-01-12
400,A,2024-01-14
401,A,2024-01-04
402,B,2024-01-06
403,B,2024-01-09
404,B,2024-01-05
405,A,2024-01-05
406,A,2024-01-12
407,A,2024-01-09
408,A,2024-01-13
409,A,2024-01-07
410,A,2024-01-11
411,B,2024-01-14
412,B,2024-01-03
413,A,2024-01-03
414,A,2024-01-13
415,A,2024-01-14
416,B,2024-01-10
417,B,2024-01-09
418,A,2024-01-11
419,B,2024-01-11
420,A,2024-01-03
421,B,2024-01-04
422,A,2024-01-09
423,A,2024-01-12
424,B,2024-01-06
425,B,2024-01-10
426,A,2024-01-15
427,A,2024-01-01
428,A,2024-01-08
429,B,2024-01-04
430,A,2024-01-14
431,B,2024-01-14
432,B,2024-01-15
433,B,2024-01-14
434,B,2024-01-06
435,B,2024-01-03
436,A,2024-01-13
437,A,2024-01-13
438,B,2024-01-07
439,A,2024-01-04
440,B,2024-01-15
441,B,2024-01-08
442,A,2024-01-13
443,A,2024-01-10
444,A,2024-01-01
445,B,2024-01-14
446,B,2024-01-08
447,B,2024-01-09
448,B,2024-01-13
449,B,2024-01-11
450,A,2024-01-10
451,B,2024-01-06
452,A,2024-01-16
453,A,2024-01-16
454,B,2024-01-06
455,A,2024-01-07
456,A,2024-01-13
457,A,2024-01-02
458,A,2024-01-15
459,A,2024-01-05
460,A,2024-01-08
461,B,2024-01-06
462,A,2024-01-16
463,B,2024-01-02
464,B,2024-01-04
465,A,2024-01-09
466,A,2024-01-07
467,B,2024-01-02
468,A,2024-01-02
469,A,2024-01-16
470,B,2024-01-12
471,B,2024-01-14
472,B,2024-01-03
473,A,2024-01-12
474,A,2024-01-04
475,A,2024-01-05
476,A,2024-01-16
477,B,2024-01-13
478,B,2024-01-06
479,B,2024-01-02
480,A,2024-01-05
481,B,2024-01-02
482,B,2024-01-09
483,B,2024-01-04
484,A,2024-01-11
485,A,2024-01-01
486,A,2024-01-14
487,A,2024-01-14
488,B,2024-01-09
489,A,2024-01-06
490,A,2024-01-03
491,A,2024-01-03
492,B,2024-01-13
493,B,2024-01-01
494,B,2024-01-13
495,A,2024-01-01
496,A,2024-01-08
497,B,2024-01-07
498,A,2024-01-03
499,B,2024-01-07
500,A,2024-01-01
501,B,2024-01-15
502,A,2024-01-12
503,B,2024-01-05
504,A,2024-01-15
505,A,2024-01-14
506,A,2024-01-03
507,B,2024-01-07
508,A,2024-01-04
509,B,2024-01-03
510,A,2024-01-03
511,A,2024-01-02
512,A,2024-01-08
513,B,2024-01-14
514,A,2024-01-04
515,A,2024-01-11
516,B,2024-01-04
517,A,2024-01-13
518,B,2024-01-11
519,A,2024-01-03
520,B,2024-01-14
521,B,2024-01-05
522,B,2024-01-01
523,B,2024-01-06
524,B,2024-01-16
525,B,2024-01-14
526,B,2024-01-04
527,B,2024-01-06
528,B,2024-01-05
529,A,2024-01-15
530,A,2024-01-08
531,A,2024-01-01
532,B,2024-01-08
533,B,2024-01-05
534,A,2024-01-11
535,A,2024-01-09
536,B,2024-01-12
537,A,2024-01-13
538,A,2024-01-06
539,B,2024-01-08
540,A,2024-01-03
541,B,2024-01-15
542,A,2024-01-02
543,A,2024-01-14
544,A,2024-01-15
545,A,2024-01-07
546,A,2024-01-11
547,A,2024-01-05
548,A,2024-01-03
549,B,2024-01-15
550,A,2024-01-12
551,B,2024-01-11
552,A,2024-01-03
553,B,2024-01-08
554,B,2024-01-16
555,A,2024-01-12
556,B,2024-01-02
557,B,2024-01-05
558,B,2024-01-04
559,A,2024-01-12
560,A,2024-01-16
561,A,2024-01-11
562,B,2024-01-02
563,B,2024-01-11
564,A,2024-01-01
565,A,2024-01-14
566,A,2024-01-01
567,A,2024-01-09
568,A,2024-01-01
569,B,2024-01-11
570,A,2024-01-14
571,B,2024-01-03
572,A,2024-01-09
573,A,2024-01-14
574,A,2024-01-14
575,B,2024-01-07
576,B,2024-01-02
577,B,2024-01-02
578,A,2024-01-02
579,A,2024-01-14
580,A,2024-01-09
581,A,2024-01-16
582,A,2024-01-06
583,B,2024-01-15
584,B,2024-01-13
585,B,2024-01-09
586,A,2024-01-11
587,B,2024-01-12
588,B,2024-01-05
589,A,2024-01-07
590,A,2024-01-14
591,B,2024-01-10
592,A,2024-01-09
593,A,2024-01-08
594,B,2024-01-03
595,A,2024-01-02
596,A,2024-01-16
597,B,2024-01-08
598,A,2024-01-04
599,A,2024-01-05
600,B,2024-01-01
601,B,2024-01-12
602,A,2024-01-09
603,B,2024-01-07
604,B,2024-01-10
605,A,2024-01-13
606,B,2024-01-09
607,A,2024-01-03
608,A,2024-01-14
609,A,2024-01-11
610,B,2024-01-05
611,A,2024-01-01
612,A,2024-01-15
613,B,2024-01-09
614,A,2024-01-01
615,A,2024-01-10
616,A,2024-01-15
617,A,2024-01-09
618,B,2024-01-15
619,B,2024-01-08
620,B,2024-01-16
621,B,2024-01-12
622,A,2024-01-06
623,A,2024-01-12
624,A,2024-01-11
625,A,2024-01-15
626,A,2024-01-06
627,B,2024-01-10
628,B,2024-01-01
629,B,2024-01-07
630,A,2024-01-01
631,A,2024-01-04
632,B,2024-01-08
633,A,2024-01-10
634,A,2024-01-06
635,B,2024-01-07
636,A,2024-01-14
637,A,2024-01-04
638,B,2024-01-03
639,A,2024-01-14
640,B,2024-01-03
641,A,2024-01-09
642,B,2024-01-01
643,B,2024-01-12
644,B,2024-01-11
645,B,2024-01-11
646,A,2024-01-15
647,B,2024-01-05
648,B,2024-01-14
649,A,2024-01-08
650,B,2024-01-12
651,A,2024-01-06
652,A,2024-01-02
653,B,2024-01-15
654,B,2024-01-06
655,B,2024-01-02
656,B,2024-01-07
657,A,2024-01-07
658,B,2024-01-04
659,B,2024-01-08
660,A,2024-01-10
661,B,2024-01-11
662,A,2024-01-12
663,B,2024-01-04
664,B,2024-01-05
665,A,2024-01-13
666,B,2024-01-10
667,B,2024-01-04
668,A,2024-01-12
669,B,2024-01-05
670,A,2024-01-01
671,A,2024-01-12
672,A,2024-01-10
673,A,2024-01-08
674,A,2024-01-15
675,B,2024-01-04
676,B,2024-01-15
677,B,2024-01-14
678,B,2024-01-04
679,A,2024-01-14
680,A,2024-01-02
681,B,2024-01-12
682,A,2024-01-13
683,B,2024-01-09
684,A,2024-01-11
685,A,2024-01-11
686,A,2024-01-11
687,A,2024-01-03
688,A,2024-01-12
689,A,2024-01-13
690,B,2024-01-10
691,B,2024-01-06
692,A,2024-01-13
693,B,2024-01-16
694,A,2024-01-04
695,B,2024-01-13
696,B,2024-01-08
697,A,2024-01-15
698,A,2024-01-08
699,A,2024-01-07
700,B,2024-01-09
701,A,2024-01-04
702,B,2024-01-12
703,B,2024-01-03
704,B,2024-01-02
705,B,2024-01-03
706,A,2024-01-01
707,A,2024-01-02
708,A,2024-01-12
709,B,2024-01-06
710,B,2024-01-16
711,A,2024-01-07
712,A,2024-01-12
713,A,2024-01-05
714,B,2024-01-08
715,A,2024-01-08
716,A,2024-01-01
717,A,2024-01-11
718,A,2024-01-13
719,B,2024-01-07
720,B,2024-01-02
721,A,2024-01-08
722,A,2024-01-05
723,B,2024-01-06
724,B,2024-01-02
725,A,2024-01-10
726,A,2024-01-05
727,B,2024-01-03
728,B,2024-01-13
729,A,2024-01-03
730,A,2024-01-12
731,B,2024-01-01
732,B,2024-01-05
733,B,2024-01-04
734,B,2024-01-09
735,A,2024-01-07
736,A,2024-01-11
737,A,2024-01-07
738,B,2024-01-02
739,B,2024-01-10
740,A,2024-01-16
741,B,2024-01-16
742,A,2024-01-08
743,A,2024-01-04
744,B,2024-01-15
745,B,2024-01-08
746,A,2024-01-08
747,A,2024-01-06
748,B,2024-01-10
749,B,2024-01-13
750,A,2024-01-15
751,A,2024-01-11
752,B,2024-01-16
753,A,2024-01-09
754,B,2024-01-11
755,B,2024-01-16
756,B,2024-01-07
757,B,2024-01-04
758,A,2024-01-10
759,A,2024-01-06
760,B,2024-01-01
761,B,2024-01-04
762,B,2024-01-09
763,B,2024-01-16
764,B,2024-01-09
765,A,2024-01-09
766,B,2024-01-03
767,B,2024-01-16
768,B,2024-01-04
769,A,2024-01-03
770,B,2024-01-15
771,B,2024-01-14
772,B,2024-01-02
773,A,2024-01-15
774,A,2024-01-02
775,B,2024-01-15
776,B,2024-01-15
777,A,2024-01-08
778,B,2024-01-09
779,A,2024-01-15
780,B,2024-01-03
781,B,2024-01-07
782,A,2024-01-13
783,A,2024-01-09
784,B,2024-01-07
785,A,2024-01-02
786,A,2024-01-09
787,A,2024-01-12
788,B,2024-01-11
789,A,2024-01-07
790,A,2024-01-06
791,A,2024-01-06
792,A,2024-01-07
793,A,2024-01-01
794,A,2024-01-02
795,B,2024-01-04
796,A,2024-01-14
797,B,2024-01-06
798,B,2024-01-06
799,A,2024-01-07
800,B,2024-01-13
801,A,2024-01-04
802,B,2024-01-10
803,A,2024-01-13
804,A,2024-01-11
805,B,2024-01-14
806,A,2024-01-03
807,B,2024-01-14
808,B,2024-01-05
809,B,2024-01-12
810,B,2024-01-11
811,A,2024-01-15
812,A,2024-01-01
813,B,2024-01-01
814,A,2024-01-11
815,A,2024-01-04
816,B,2024-01-05
817,B,2024-01-11
818,A,2024-01-04
819,B,2024-01-06
820,B,2024-01-09
821,A,2024-01-07
822,A,2024-01-02
823,A,2024-01-03
824,A,2024-01-14
825,B,2024-01-13
826,A,2024-01-06
827,A,2024-01-04
828,B,2024-01-13
829,B,2024-01-01
830,B,2024-01-06
831,B,2024-01-15
832,A,2024-01-15
833,A,2024-01-15
834,B,2024-01-13
835,B,2024-01-02
836,B,2024-01-10
837,A,2024-01-07
838,B,2024-01-09
839,B,2024-01-07
840,B,2024-01-07
841,A,2024-01-02
842,B,2024-01-03
843,B,2024-01-06
844,B,2024-01-16
845,B,2024-01-11
846,B,2024-01-04
847,B,2024-01-14
848,B,2024-01-13
849,A,2024-01-11
850,B,2024-01-04
851,A,2024-01-16
852,A,2024-01-04
853,A,2024-01-07
854,A,2024-01-02
855,B,2024-01-09
856,B,2024-01-16
857,A,2024-01-10
858,A,2024-01-04
859,B,2024-01-13
860,A,2024-01-06
861,B,2024-01-04
862,A,2024-01-06
863,B,2024-01-04
864,B,2024-01-13
865,B,2024-01-07
866,B,2024-01-04
867,B,2024-01-08
868,A,2024-01-15
869,A,2024-01-01
870,A,2024-01-04
871,A,2024-01-10
872,B,2024-01-02
873,A,2024-01-05
874,B,2024-01-08
875,B,2024-01-02
876,B,2024-01-07
877,A,2024-01-08
878,B,2024-01-05
879,A,2024-01-05
880,B,2024-01-15
881,B,2024-01-13
882,A,2024-01-01
883,A,2024-01-03
884,A,2024-01-02
885,A,2024-01-04
886,B,2024-01-02
887,B,2024-01-14
888,A,2024-01-12
889,B,2024-01-06
890,B,2024-01-14
891,B,2024-01-03
892,A,2024-01-04
893,B,2024-01-02
894,A,2024-01-06
895,A,2024-01-07
896,B,2024-01-03
897,A,2024-01-09
898,A,2024-01-16
899,B,2024-01-13
900,A,2024-01-15
901,B,2024-01-14
902,B,2024-01-09
903,B,2024-01-12
904,B,2024-01-02
905,B,2024-01-15
906,A,2024-01-07
907,A,2024-01-08
908,B,2024-01-16
909,A,2024-01-11
910,B,2024-01-13
911,A,2024-01-05
912,A,2024-01-11
913,A,2024-01-08
914,A,2024-01-12
915,A,2024-01-09
916,B,2024-01-15
917,A,2024-01-09
918,B,2024-01-08
919,A,2024-01-15
920,B,2024-01-13
921,A,2024-01-10
922,B,2024-01-01
923,B,2024-01-09
924,B,2024-01-02
925,B,2024-01-12
926,A,2024-01-04
927,B,2024-01-11
928,A,2024-01-12
929,A,2024-01-05
930,B,2024-01-06
931,B,2024-01-06
932,B,2024-01-04
933,B,2024-01-16
934,B,2024-01-01
935,B,2024-01-04
936,A,2024-01-03
937,B,2024-01-06
938,B,2024-01-07
939,A,2024-01-11
940,A,2024-01-09
941,A,2024-01-01
942,B,2024-01-05
943,B,2024-01-11
944,A,2024-01-03
945,B,2024-01-01
946,B,2024-01-05
947,A,2024-01-10
948,A,2024-01-13
949,B,2024-01-15
950,A,2024-01-08
951,B,2024-01-11
952,B,2024-01-01
953,B,2024-01-01
954,A,2024-01-05
955,B,2024-01-01
956,B,2024-01-12
957,B,2024-01-11
958,B,2024-01-07
959,A,2024-01-14
960,B,2024-01-15
961,B,2024-01-04
962,A,2024-01-16
963,A,2024-01-02
964,B,2024-01-13
965,B,2024-01-08
966,B,2024-01-06
967,B,2024-01-06
968,B,2024-01-10
969,B,2024-01-03
970,B,2024-01-08
971,A,2024-01-13
972,B,2024-01-05
973,A,2024-01-10
974,A,2024-01-08
975,A,2024-01-14
976,B,2024-01-07
977,A,2024-01-02
978,A,2024-01-07
979,B,2024-01-15
980,B,2024-01-11
981,B,2024-01-12
982,B,2024-01-09
983,B,2024-01-14
984,B,2024-01-14
985,B,2024-01-14
986,B,2024-01-04
987,A,2024-01-13
988,A,2024-01-02
989,B,2024-01-11
990,B,2024-01-06
991,A,2024-01-02
992,A,2024-01-09
993,B,2024-01-03
994,A,2024-01-04
995,B,2024-01-04
996,A,2024-01-16
997,A,2024-01-02
998,A,2024-01-08
999,B,2024-01-04
1000,B,2024-01-09
1001,B,2024-01-14
1002,B,2024-01-13
1003,A,2024-01-11
1004,B,2024-01-11
1005,B,2024-01-16
1006,A,2024-01-13
1007,A,2024-01-05
1008,A,2024-01-13
1009,A,2024-01-15
1010,A,2024-01-10
1011,B,2024-01-01
1012,B,2024-01-07
1013,A,2024-01-05
1014,A,2024-01-12
1015,A,2024-01-08
1016,A,2024-01-05
1017,A,2024-01-11
1018,A,2024-01-06
1019,B,2024-01-08
1020,B,2024-01-05
1021,A,2024-01-07
1022,A,2024-01-09
1023,A,2024-01-03
1024,A,2024-01-09
1025,B,2024-01-12
1026,B,2024-01-15
1027,B,2024-01-10
1028,A,2024-01-10
1029,A,2024-01-01
1030,A,2024-01-13
1031,B,2024-01-16
1032,B,2024-01-15
1033,A,2024-01-11
1034,B,2024-01-08
1035,A,2024-01-16
1036,A,2024-01-16
1037,B,2024-01-04
1038,A,2024-01-14
1039,A,2024-01-08
1040,B,2024-01-05
1041,B,2024-01-14
1042,A,2024-01-08
1043,A,2024-01-08
1044,B,2024-01-14
1045,B,2024-01-14
1046,B,2024-01-14
1047,A,2024-01-11
1048,A,2024-01-14
1049,B,2024-01-09
1050,B,2024-01-02
1051,A,2024-01-08
1052,A,2024-01-09
1053,A,2024-01-09
1054,B,2024-01-11
1055,A,2024-01-11
1056,A,2024-01-09
1057,A,2024-01-09
1058,B,2024-01-07
1059,A,2024-01-15
1060,B,2024-01-03
1061,B,2024-01-09
1062,B,2024-01-02
1063,A,2024-01-15
1064,B,2024-01-08
1065,A,2024-01-05
1066,A,2024-01-03
1067,A,2024-01-01
1068,A,2024-01-05
1069,B,2024-01-14
1070,B,2024-01-11
1071,B,2024-01-04
1072,B,2024-01-10
1073,B,2024-01-08
1074,A,2024-01-06
1075,B,2024-01-14
1076,B,2024-01-13
1077,A,2024-01-10
1078,A,2024-01-15
1079,A,2024-01-15
1080,B,2024-01-09
1081,B,2024-01-16
1082,A,2024-01-12
1083,A,2024-01-16
1084,B,2024-01-14
1085,A,2024-01-06
1086,A,2024-01-03
1087,B,2024-01-14
1088,B,2024-01-05
1089,A,2024-01-16
1090,A,2024-01-15
1091,B,2024-01-16
1092,A,2024-01-08
1093,B,2024-01-05
1094,A,2024-01-13
1095,A,2024-01-10
1096,A,2024-01-13
1097,A,2024-01-13
1098,B,2024-01-05
1099,A,2024-01-14
1100,B,2024-01-12
1101,B,2024-01-04
1102,A,2024-01-10
1103,B,2024-01-01
1104,B,2024-01-14
1105,A,2024-01-03
1106,A,2024-01-05
1107,A,2024-01-09
1108,B,2024-01-08
1109,A,2024-01-04
1110,B,2024-01-03
1111,A,2024-01-02
1112,A,2024-01-06
1113,A,2024-01-16
1114,B,2024-01-11
1115,B,2024-01-04
1116,A,2024-01-09
1117,B,2024-01-02
1118,B,2024-01-06
1119,B,2024-01-04
1120,B,2024-01-01
1121,B,2024-01-04
1122,B,2024-01-06
1123,B,2024-01-13
1124,B,2024-01-02
1125,A,2024-01-01
1126,A,2024-01-01
1127,B,2024-01-01
1128,A,2024-01-05
1129,A,2024-01-03
1130,A,2024-01-04
1131,B,2024-01-04
1132,A,2024-01-04
1133,B,2024-01-07
1134,B,2024-01-09
1135,A,2024-01-10
1136,A,2024-01-08
1137,B,2024-01-02
1138,B,2024-01-14
1139,A,2024-01-05
1140,B,2024-01-07
1141,B,2024-01-12
1142,B,2024-01-10
1143,B,2024-01-12
1144,B,2024-01-10
1145,B,2024-01-08
1146,B,2024-01-10
1147,A,2024-01-04
1148,B,2024-01-06
1149,B,2024-01-09
1150,A,2024-01-09
1151,B,2024-01-03
1152,A,2024-01-02
1153,A,2024-01-03
1154,B,2024-01-02
1155,B,2024-01-16
1156,B,2024-01-05
1157,A,2024-01-16
1158,B,2024-01-05
1159,A,2024-01-05
1160,B,2024-01-04
1161,B,2024-01-09
1162,B,2024-01-16
1163,A,2024-01-10
1164,B,2024-01-04
1165,A,2024-01-12
1166,B,2024-01-07
1167,B,2024-01-03
1168,A,2024-01-01
1169,A,2024-01-04
1170,A,2024-01-07
1171,A,2024-01-14
1172,A,2024-01-01
1173,B,2024-01-10
1174,A,2024-01-10
1175,A,2024-01-12
1176,B,2024-01-16
1177,B,2024-01-09
1178,B,2024-01-04
1179,A,2024-01-12
1180,B,2024-01-12
1181,B,2024-01-05
1182,A,2024-01-15
1183,B,2024-01-08
1184,A,2024-01-13
1185,A,2024-01-06
1186,B,2024-01-03
1187,B,2024-01-09
1188,A,2024-01-13
1189,B,2024-01-12
1190,B,2024-01-03
1191,A,2024-01-14
1192,B,2024-01-03
1193,A,2024-01-12
1194,A,2024-01-05
1195,A,2024-01-03
1196,B,2024-01-01
1197,A,2024-01-10
1198,A,2024-01-15
1199,A,2024-01-13
1200,B,2024-01-11
1201,A,2024-01-11
1202,B,2024-01-07
1203,A,2024-01-08
1204,B,2024-01-11
1205,B,2024-01-14
1206,B,2024-01-04
1207,A,2024-01-16
1208,B,2024-01-03
1209,B,2024-01-10
1210,B,2024-01-05
1211,A,2024-01-08
1212,B,2024-01-13
1213,A,2024-01-08
1214,B,2024-01-05
1215,A,2024-01-15
1216,B,2024-01-14
1217,A,2024-01-07
1218,A,2024-01-11
1219,B,2024-01-13
1220,B,2024-01-16
1221,A,2024-01-02
1222,B,2024-01-13
1223,A,2024-01-15
1224,B,2024-01-09
1225,B,2024-01-12
1226,A,2024-01-16
1227,A,2024-01-02
1228,B,2024-01-14
1229,B,2024-01-02
1230,B,2024-01-10
1231,A,2024-01-01
1232,B,2024-01-12
1233,B,2024-01-12
1234,A,2024-01-14
1235,A,2024-01-15
1236,A,2024-01-06
1237,B,2024-01-03
1238,A,2024-01-06
1239,A,2024-01-15
1240,A,2024-01-12
1241,A,2024-01-13
1242,B,2024-01-10
1243,A,2024-01-04
1244,B,2024-01-07
1245,A,2024-01-15
1246,B,2024-01-11
1247,A,2024-01-02
1248,A,2024-01-12
1249,A,2024-01-04
1250,A,2024-01-08
1251,A,2024-01-15
1252,B,2024-01-04
1253,B,2024-01-08
1254,B,2024-01-04
1255,A,2024-01-03
1256,B,2024-01-16
1257,A,2024-01-05
1258,B,2024-01-11
1259,A,2024-01-11
1260,B,2024-01-11
1261,A,2024-01-01
1262,B,2024-01-07
1263,A,2024-01-06
1264,B,2024-01-02
1265,B,2024-01-10
1266,A,2024-01-03
1267,B,2024-01-14
1268,B,2024-01-03
1269,A,2024-01-07
1270,A,2024-01-02
1271,A,2024-01-11
1272,A,2024-01-03
1273,A,2024-01-02
1274,B,2024-01-14
1275,A,2024-01-11
1276,A,2024-01-08
1277,A,2024-01-15
1278,B,2024-01-05
1279,B,2024-01-04
1280,B,2024-01-07
1281,A,2024-01-05
1282,B,2024-01-10
1283,B,2024-01-16
1284,B,2024-01-13
1285,B,2024-01-02
1286,A,2024-01-10
1287,A,2024-01-07
1288,B,2024-01-06
1289,A,2024-01-09
1290,B,2024-01-03
1291,B,2024-01-13
1292,B,2024-01-09
1293,A,2024-01-07
1294,B,2024-01-07
1295,B,2024-01-16
1296,B,2024-01-02
1297,A,2024-01-09
1298,B,2024-01-03
1299,A,2024-01-14
1300,A,2024-01-13
1301,A,2024-01-15
1302,A,2024-01-14
1303,B,2024-01-03
1304,B,2024-01-06
1305,A,2024-01-14
1306,B,2024-01-07
1307,B,2024-01-03
1308,B,2024-01-12
1309,B,2024-01-04
1310,B,2024-01-11
1311,A,2024-01-09
1312,A,2024-01-03
1313,B,2024-01-07
1314,B,2024-01-02
1315,B,2024-01-13
1316,B,2024-01-06
1317,B,2024-01-14
1318,B,2024-01-02
1319,B,2024-01-15
1320,A,2024-01-07
1321,B,2024-01-16
1322,B,2024-01-07
1323,A,2024-01-04
1324,A,2024-01-10
1325,B,2024-01-01
1326,B,2024-01-03
1327,B,2024-01-02
1328,A,2024-01-04
1329,A,2024-01-05
1330,B,2024-01-15
1331,B,2024-01-07
1332,B,2024-01-09
1333,A,2024-01-12
1334,B,2024-01-12
1335,A,2024-01-07
1336,A,2024-01-04
1337,A,2024-01-13
1338,A,2024-01-07
1339,B,2024-01-09
1340,A,2024-01-12
1341,B,2024-01-02
1342,B,2024-01-04
1343,A,2024-01-07
1344,A,2024-01-13
1345,A,2024-01-02
1346,A,2024-01-14
1347,B,2024-01-02
1348,B,2024-01-01
1349,A,2024-01-11
1350,B,2024-01-08
1351,B,2024-01-10
1352,B,2024-01-16
1353,A,2024-01-04
1354,B,2024-01-07
1355,B,2024-01-15
1356,A,2024-01-12
1357,A,2024-01-05
1358,B,2024-01-03
1359,A,2024-01-12
1360,B,2024-01-06
1361,A,2024-01-11
1362,A,2024-01-15
1363,A,2024-01-01
1364,A,2024-01-07
1365,B,2024-01-09
1366,A,2024-01-08
1367,A,2024-01-15
1368,A,2024-01-02
1369,A,2024-01-12
1370,A,2024-01-09
1371,B,2024-01-05
1372,A,2024-01-03
1373,B,2024-01-05
1374,B,2024-01-11
1375,B,2024-01-15
1376,A,2024-01-16
1377,B,2024-01-07
1378,B,2024-01-12
1379,B,2024-01-14
1380,A,2024-01-12
1381,A,2024-01-13
1382,B,2024-01-08
1383,A,2024-01-16
1384,A,2024-01-07
1385,B,2024-01-12
1386,B,2024-01-01
1387,B,2024-01-02
1388,A,2024-01-07
1389,B,2024-01-08
1390,B,2024-01-08
1391,A,2024-01-06
1392,A,2024-01-13
1393,A,2024-01-06
1394,A,2024-01-10
1395,A,2024-01-11
1396,A,2024-01-07
1397,A,2024-01-02
1398,B,2024-01-03
1399,A,2024-01-12
1400,A,2024-01-05
1401,B,2024-01-16
1402,B,2024-01-04
1403,A,2024-01-10
1404,A,2024-01-01
1405,B,2024-01-15
1406,A,2024-01-06
1407,B,2024-01-01
1408,B,2024-01-11
1409,A,2024-01-10
1410,B,2024-01-13
1411,A,2024-01-15
1412,B,2024-01-09
1413,A,2024-01-09
1414,B,2024-01-07
1415,B,2024-01-06
1416,B,2024-01-11
1417,B,2024-01-13
1418,B,2024-01-14
1419,A,2024-01-16
1420,A,2024-01-07
1421,B,2024-01-13
1422,B,2024-01-16
1423,B,2024-01-01
1424,B,2024-01-05
1425,B,2024-01-03
1426,A,2024-01-09
1427,A,2024-01-05
1428,A,2024-01-07
1429,B,2024-01-11
1430,A,2024-01-10
1431,A,2024-01-13
1432,A,2024-01-05
1433,A,2024-01-13
1434,B,2024-01-10
1435,B,2024-01-04
1436,B,2024-01-05
1437,A,2024-01-04
1438,B,2024-01-09
1439,B,2024-01-13
1440,A,2024-01-15
1441,A,2024-01-02
1442,A,2024-01-16
1443,A,2024-01-03
1444,A,2024-01-09
1445,B,2024-01-09
1446,A,2024-01-07
1447,A,2024-01-08
1448,B,2024-01-09
1449,B,2024-01-12
1450,B,2024-01-14
1451,A,2024-01-13
1452,B,2024-01-09
1453,B,2024-01-11
1454,B,2024-01-11
1455,A,2024-01-03
1456,B,2024-01-01
1457,B,2024-01-12
1458,A,2024-01-09
1459,A,2024-01-14
1460,B,2024-01-01
1461,B,2024-01-06
1462,A,2024-01-13
1463,A,2024-01-02
1464,A,2024-01-06
1465,B,2024-01-07
1466,B,2024-01-07
1467,A,2024-01-16
1468,B,2024-01-08
1469,A,2024-01-14
1470,A,2024-01-02
1471,A,2024-01-09
1472,A,2024-01-05
1473,B,2024-01-06
1474,B,2024-01-10
1475,A,2024-01-06
1476,A,2024-01-16
1477,A,2024-01-01
1478,B,2024-01-06
1479,A,2024-01-05
1480,B,2024-01-09
1481,B,2024-01-14
1482,B,2024-01-01
1483,A,2024-01-06
1484,B,2024-01-08
1485,B,2024-01-06
1486,B,2024-01-04
1487,B,2024-01-07
1488,B,2024-01-15
1489,B,2024-01-07
1490,A,2024-01-15
1491,B,2024-01-14
1492,B,2024-01-14
1493,B,2024-01-03
1494,B,2024-01-12
1495,A,2024-01-09
1496,B,2024-01-03
1497,B,2024-01-02
1498,A,2024-01-10
1499,A,2024-01-16
1500,A,2024-01-04
1501,B,2024-01-14
1502,B,2024-01-10
1503,A,2024-01-09
1504,B,2024-01-11
1505,B,2024-01-10
1506,B,2024-01-04
1507,B,2024-01-07
1508,B,2024-01-16
1509,A,2024-01-05
1510,A,2024-01-08
1511,B,2024-01-13
1512,B,2024-01-04
1513,B,2024-01-12
1514,A,2024-01-13
1515,A,2024-01-08
1516,B,2024-01-08
1517,A,2024-01-14
1518,A,2024-01-09
1519,B,2024-01-10
1520,A,2024-01-13
1521,B,2024-01-15
1522,A,2024-01-01
1523,B,2024-01-10
1524,B,2024-01-08
1525,B,2024-01-13
1526,B,2024-01-05
1527,B,2024-01-05
1528,A,2024-01-15
1529,B,2024-01-02
1530,B,2024-01-03
1531,B,2024-01-15
1532,B,2024-01-02
1533,B,2024-01-06
1534,A,2024-01-05
1535,B,2024-01-05
1536,B,2024-01-04
1537,B,2024-01-08
1538,A,2024-01-13
1539,B,2024-01-01
1540,A,2024-01-08
1541,A,2024-01-11
1542,B,2024-01-13
1543,B,2024-01-05
1544,B,2024-01-09
1545,A,2024-01-06
1546,A,2024-01-15
1547,A,2024-01-14
1548,B,2024-01-14
1549,B,2024-01-16
1550,B,2024-01-16
1551,B,2024-01-06
1552,A,2024-01-01
1553,B,2024-01-10
1554,B,2024-01-09
1555,A,2024-01-01
1556,B,2024-01-07
1557,A,2024-01-05
1558,A,2024-01-15
1559,B,2024-01-16
1560,A,2024-01-10
1561,A,2024-01-12
1562,B,2024-01-15
1563,A,2024-01-03
1564,B,2024-01-09
1565,B,2024-01-15
1566,A,2024-01-16
1567,B,2024-01-01
1568,B,2024-01-11
1569,A,2024-01-08
1570,A,2024-01-02
1571,B,2024-01-11
1572,A,2024-01-04
1573,B,2024-01-03
1574,B,2024-01-01
1575,B,2024-01-13
1576,A,2024-01-14
1577,A,2024-01-04
1578,B,2024-01-04
1579,A,2024-01-03
1580,A,2024-01-10
1581,B,2024-01-10
1582,B,2024-01-09
1583,B,2024-01-10
1584,B,2024-01-13
1585,A,2024-01-13
1586,A,2024-01-13
1587,B,2024-01-05
1588,B,2024-01-11
1589,A,2024-01-15
1590,A,2024-01-16
1591,A,2024-01-01
1592,B,2024-01-08
1593,B,2024-01-10
1594,A,2024-01-07
1595,B,2024-01-11
1596,B,2024-01-05
1597,A,2024-01-15
1598,B,2024-01-14
1599,A,2024-01-11
1600,A,2024-01-03
1601,B,2024-01-09
1602,B,2024-01-13
1603,B,2024-01-03
1604,A,2024-01-04
1605,B,2024-01-01
1606,A,2024-01-11
1607,B,2024-01-05
1608,A,2024-01-14
1609,A,2024-01-11
1610,B,2024-01-03
1611,B,2024-01-07
1612,A,2024-01-16
1613,B,2024-01-04
1614,B,2024-01-02
1615,B,2024-01-06
1616,B,2024-01-06
1617,A,2024-01-04
1618,B,2024-01-04
1619,A,2024-01-07
1620,A,2024-01-07
1621,B,2024-01-11
1622,B,2024-01-04
1623,A,2024-01-07
1624,A,2024-01-12
1625,A,2024-01-02
1626,B,2024-01-10
1627,B,2024-01-08
1628,A,2024-01-11
1629,B,2024-01-09
1630,B,2024-01-12
1631,B,2024-01-16
1632,A,2024-01-10
1633,A,2024-01-04
1634,A,2024-01-09
1635,B,2024-01-09
1636,A,2024-01-13
1637,A,2024-01-13
1638,B,2024-01-13
1639,B,2024-01-14
1640,B,2024-01-05
1641,B,2024-01-16
1642,A,2024-01-04
1643,B,2024-01-05
1644,A,2024-01-13
1645,A,2024-01-13
1646,B,2024-01-06
1647,A,2024-01-02
1648,A,2024-01-04
1649,B,2024-01-14
1650,A,2024-01-10
1651,A,2024-01-11
1652,A,2024-01-05
1653,B,2024-01-09
1654,A,2024-01-03
1655,A,2024-01-04
1656,A,2024-01-03
1657,A,2024-01-09
1658,A,2024-01-15
1659,B,2024-01-08
1660,B,2024-01-11
1661,B,2024-01-03
1662,A,2024-01-03
1663,A,2024-01-14
1664,A,2024-01-11
1665,A,2024-01-06
1666,A,2024-01-15
1667,A,2024-01-08
1668,A,2024-01-07
1669,A,2024-01-11
1670,A,2024-01-11
1671,B,2024-01-06
1672,B,2024-01-14
1673,B,2024-01-16
1674,B,2024-01-07
1675,A,2024-01-06
1676,B,2024-01-11
1677,B,2024-01-02
1678,B,2024-01-11
1679,B,2024-01-02
1680,B,2024-01-02
1681,A,2024-01-06
1682,A,2024-01-08
1683,A,2024-01-02
1684,A,2024-01-07
1685,B,2024-01-15
1686,A,2024-01-12
1687,A,2024-01-15
1688,A,2024-01-14
1689,A,2024-01-10
1690,B,2024-01-09
1691,A,2024-01-14
1692,A,2024-01-15
1693,A,2024-01-05
1694,A,2024-01-14
1695,A,2024-01-01
1696,B,2024-01-03
1697,A,2024-01-02
1698,B,2024-01-09
1699,A,2024-01-02
1700,B,2024-01-04
1701,A,2024-01-09
1702,B,2024-01-14
1703,B,2024-01-16
1704,A,2024-01-03
1705,A,2024-01-14
1706,A,2024-01-03
1707,A,2024-01-13
1708,A,2024-01-12
1709,B,2024-01-15
1710,A,2024-01-12
1711,B,2024-01-11
1712,A,2024-01-16
1713,A,2024-01-09
1714,A,2024-01-13
1715,B,2024-01-08
1716,B,2024-01-14
1717,A,2024-01-14
1718,A,2024-01-02
1719,A,2024-01-14
1720,A,2024-01-04
1721,A,2024-01-14
1722,B,2024-01-14
1723,B,2024-01-05
1724,B,2024-01-16
1725,B,2024-01-15
1726,B,2024-01-06
1727,B,2024-01-03
1728,A,2024-01-16
1729,A,2024-01-04
1730,B,2024-01-09
1731,B,2024-01-03
1732,B,2024-01-06
1733,B,2024-01-05
1734,A,2024-01-05
1735,A,2024-01-16
1736,B,2024-01-04
1737,B,2024-01-04
1738,B,2024-01-10
1739,B,2024-01-13
1740,A,2024-01-04
1741,A,2024-01-07
1742,B,2024-01-12
1743,A,2024-01-13
1744,B,2024-01-08
1745,B,2024-01-11
1746,B,2024-01-08
1747,B,2024-01-05
1748,B,2024-01-12
1749,B,2024-01-08
1750,A,2024-01-03
1751,B,2024-01-05
1752,A,2024-01-13
1753,B,2024-01-14
1754,B,2024-01-13
1755,B,2024-01-02
1756,A,2024-01-06
1757,A,2024-01-06
1758,A,2024-01-11
1759,B,2024-01-09
1760,B,2024-01-04
1761,B,2024-01-09
1762,A,2024-01-12
1763,A,2024-01-02
1764,B,2024-01-15
1765,A,2024-01-09
1766,A,2024-01-04
1767,A,2024-01-07
1768,A,2024-01-09
1769,A,2024-01-12
1770,B,2024-01-10
1771,B,2024-01-13
1772,B,2024-01-01
1773,B,2024-01-09
1774,A,2024-01-15
1775,B,2024-01-01
1776,B,2024-01-14
1777,B,2024-01-12
1778,B,2024-01-09
1779,A,2024-01-16
1780,B,2024-01-16
1781,B,2024-01-06
1782,B,2024-01-13
1783,B,2024-01-02
1784,B,2024-01-02
1785,A,2024-01-09
1786,B,2024-01-06
1787,B,2024-01-06
1788,B,2024-01-05
1789,A,2024-01-13
1790,A,2024-01-05
1791,A,2024-01-10
1792,B,2024-01-16
1793,B,2024-01-02
1794,B,2024-01-14
1795,B,2024-01-10
1796,B,2024-01-13
1797,B,2024-01-04
1798,B,2024-01-15
1799,B,2024-01-10
1800,B,2024-01-13
1801,A,2024-01-11
1802,A,2024-01-03
1803,B,2024-01-05
1804,A,2024-01-07
1805,B,2024-01-04
1806,B,2024-01-08
1807,B,2024-01-06
1808,A,2024-01-10
1809,B,2024-01-11
1810,A,2024-01-15
1811,B,2024-01-13
1812,B,2024-01-11
1813,B,2024-01-12
1814,A,2024-01-15
1815,B,2024-01-07
1816,B,2024-01-01
1817,B,2024-01-03
1818,A,2024-01-07
1819,A,2024-01-11
1820,A,2024-01-11
1821,B,2024-01-02
1822,A,2024-01-15
1823,A,2024-01-11
1824,B,2024-01-14
1825,B,2024-01-05
1826,A,2024-01-08
1827,A,2024-01-03
1828,A,2024-01-16
1829,B,2024-01-07
1830,A,2024-01-16
1831,B,2024-01-01
1832,A,2024-01-14
1833,A,2024-01-13
1834,B,2024-01-03
1835,A,2024-01-06
1836,A,2024-01-07
1837,A,2024-01-15
1838,A,2024-01-07
1839,B,2024-01-11
1840,A,2024-01-12
1841,B,2024-01-08
1842,B,2024-01-10
1843,B,2024-01-16
1844,B,2024-01-05
1845,B,2024-01-14
1846,B,2024-01-03
1847,A,2024-01-06
1848,B,2024-01-16
1849,A,2024-01-07
1850,A,2024-01-08
1851,A,2024-01-13
1852,B,2024-01-12
1853,B,2024-01-05
1854,B,2024-01-15
1855,B,2024-01-02
1856,B,2024-01-03
1857,B,2024-01-08
1858,B,2024-01-12
1859,A,2024-01-06
1860,B,2024-01-07
1861,B,2024-01-04
1862,A,2024-01-16
1863,A,2024-01-10
1864,B,2024-01-13
1865,B,2024-01-05
1866,A,2024-01-03
1867,A,2024-01-03
1868,B,2024-01-11
1869,B,2024-01-09
1870,B,2024-01-15
1871,A,2024-01-10
1872,B,2024-01-06
1873,B,2024-01-09
1874,B,2024-01-10
1875,A,2024-01-16
1876,A,2024-01-16
1877,B,2024-01-11
1878,B,2024-01-01
1879,A,2024-01-13
1880,A,2024-01-07
1881,A,2024-01-05
1882,B,2024-01-07
1883,B,2024-01-13
1884,A,2024-01-02
1885,A,2024-01-14
1886,A,2024-01-03
1887,A,2024-01-01
1888,A,2024-01-14
1889,B,2024-01-11
1890,B,2024-01-15
1891,B,2024-01-16
1892,A,2024-01-01
1893,A,2024-01-07
1894,A,2024-01-04
1895,B,2024-01-10
1896,A,2024-01-04
1897,B,2024-01-14
1898,A,2024-01-04
1899,B,2024-01-14
1900,B,2024-01-07
1901,A,2024-01-12
1902,B,2024-01-08
1903,B,2024-01-12
1904,A,2024-01-13
1905,A,2024-01-08
1906,B,2024-01-04
1907,B,2024-01-10
1908,A,2024-01-04
1909,A,2024-01-06
1910,B,2024-01-16
1911,B,2024-01-11
1912,B,2024-01-05
1913,B,2024-01-01
1914,B,2024-01-05
1915,A,2024-01-06
1916,B,2024-01-04
1917,B,2024-01-08
1918,A,2024-01-05
1919,B,2024-01-14
1920,B,2024-01-01
1921,A,2024-01-01
1922,B,2024-01-14
1923,A,2024-01-05
1924,A,2024-01-10
1925,B,2024-01-12
1926,A,2024-01-09
1927,A,2024-01-06
1928,B,2024-01-03
1929,B,2024-01-02
1930,A,2024-01-03
1931,B,2024-01-07
1932,A,2024-01-15
1933,B,2024-01-02
1934,B,2024-01-03
1935,B,2024-01-07
1936,A,2024-01-12
1937,B,2024-01-01
1938,A,2024-01-07
1939,B,2024-01-09
1940,B,2024-01-11
1941,B,2024-01-16
1942,B,2024-01-10
1943,A,2024-01-11
1944,B,2024-01-09
1945,A,2024-01-04
1946,B,2024-01-01
1947,A,2024-01-09
1948,B,2024-01-07
1949,B,2024-01-02
1950,B,2024-01-12
1951,A,2024-01-04
1952,A,2024-01-10
1953,A,2024-01-13
1954,B,2024-01-12
1955,B,2024-01-05
1956,A,2024-01-02
1957,A,2024-01-13
1958,B,2024-01-08
1959,B,2024-01-02
1960,A,2024-01-14
1961,A,2024-01-11
1962,A,2024-01-16
1963,A,2024-01-02
1964,B,2024-01-10
1965,B,2024-01-10
1966,B,2024-01-04
1967,B,2024-01-10
1968,A,2024-01-15
1969,B,2024-01-07
1970,A,2024-01-13
1971,A,2024-01-07
1972,B,2024-01-15
1973,B,2024-01-09
1974,A,2024-01-16
1975,B,2024-01-15
1976,A,2024-01-12
1977,B,2024-01-01
1978,B,2024-01-09
1979,A,2024-01-03
1980,B,2024-01-14
1981,B,2024-01-04
1982,A,2024-01-05
1983,A,2024-01-04
1984,A,2024-01-12
1985,B,2024-01-10
1986,B,2024-01-12
1987,A,2024-01-05
1988,B,2024-01-02
1989,B,2024-01-16
1990,B,2024-01-04
1991,A,2024-01-15
1992,A,2024-01-15
1993,A,2024-01-04
1994,B,2024-01-03
1995,A,2024-01-09
1996,B,2024-01-02
1997,A,2024-01-11
1998,B,2024-01-06
1999,A,2024-01-05
2000,B,2024-01-16
2001,B,2024-01-02
2002,B,2024-01-13
2003,A,2024-01-14
2004,B,2024-01-10
2005,B,2024-01-06
2006,B,2024-01-16
2007,B,2024-01-11
2008,B,2024-01-16
2009,B,2024-01-08
2010,B,2024-01-15
2011,B,2024-01-06
2012,A,2024-01-06
2013,A,2024-01-03
2014,B,2024-01-12
2015,B,2024-01-12
2016,B,2024-01-04
2017,A,2024-01-11
2018,A,2024-01-09
2019,B,2024-01-14
2020,A,2024-01-10
2021,B,2024-01-08
2022,A,2024-01-08
2023,B,2024-01-04
2024,B,2024-01-10
2025,A,2024-01-07
2026,A,2024-01-01
2027,A,2024-01-01
2028,A,2024-01-14
2029,A,2024-01-04
2030,A,2024-01-09
2031,B,2024-01-15
2032,B,2024-01-08
2033,B,2024-01-10
2034,A,2024-01-09
2035,A,2024-01-06
2036,A,2024-01-07
2037,B,2024-01-03
2038,B,2024-01-09
2039,A,2024-01-01
2040,B,2024-01-05
2041,B,2024-01-11
2042,A,2024-01-04
2043,B,2024-01-14
2044,A,2024-01-11
2045,B,2024-01-03
2046,A,2024-01-08
2047,A,2024-01-09
2048,B,2024-01-06
2049,A,2024-01-10
2050,B,2024-01-13
2051,B,2024-01-16
2052,A,2024-01-01
2053,B,2024-01-09
2054,B,2024-01-07
2055,A,2024-01-05
2056,B,2024-01-10
2057,A,2024-01-08
2058,B,2024-01-15
2059,B,2024-01-06
2060,B,2024-01-12
2061,A,2024-01-01
2062,A,2024-01-03
2063,B,2024-01-09
2064,A,2024-01-03
2065,A,2024-01-14
2066,B,2024-01-12
2067,A,2024-01-05
2068,B,2024-01-06
2069,B,2024-01-16
2070,A,2024-01-10
2071,B,2024-01-14
2072,A,2024-01-10
2073,A,2024-01-08
2074,A,2024-01-11
2075,A,2024-01-06
2076,A,2024-01-05
2077,A,2024-01-14
2078,A,2024-01-01
2079,A,2024-01-13
2080,A,2024-01-16
2081,A,2024-01-06
2082,A,2024-01-07
2083,A,2024-01-12
2084,B,2024-01-13
2085,A,2024-01-14
2086,B,2024-01-02
2087,A,2024-01-06
2088,A,2024-01-05
2089,A,2024-01-05
2090,A,2024-01-12
2091,A,2024-01-16
2092,A,2024-01-08
2093,B,2024-01-08
2094,B,2024-01-16
2095,A,2024-01-09
2096,A,2024-01-02
2097,B,2024-01-12
2098,A,2024-01-08
2099,A,2024-01-12
2100,B,2024-01-02
2101,B,2024-01-13
2102,B,2024-01-15
2103,B,2024-01-14
2104,A,2024-01-09
2105,A,2024-01-06
2106,B,2024-01-12
2107,A,2024-01-09
2108,A,2024-01-09
2109,B,2024-01-10
2110,A,2024-01-07
2111,B,2024-01-14
2112,B,2024-01-15
2113,A,2024-01-02
2114,B,2024-01-11
2115,B,2024-01-15
2116,B,2024-01-12
2117,A,2024-01-12
2118,B,2024-01-02
2119,A,2024-01-03
2120,A,2024-01-15
2121,B,2024-01-16
2122,A,2024-01-06
2123,A,2024-01-14
2124,A,2024-01-02
2125,A,2024-01-01
2126,B,2024-01-11
2127,B,2024-01-10
2128,B,2024-01-16
2129,A,2024-01-04
2130,A,2024-01-08
2131,B,2024-01-16
2132,B,2024-01-15
2133,A,2024-01-14
2134,A,2024-01-12
2135,B,2024-01-08
2136,B,2024-01-09
2137,B,2024-01-11
2138,A,2024-01-01
2139,B,2024-01-12
2140,A,2024-01-04
2141,B,2024-01-12
2142,B,2024-01-04
2143,B,2024-01-05
2144,B,2024-01-02
2145,B,2024-01-12
2146,A,2024-01-06
2147,B,2024-01-15
2148,B,2024-01-12
2149,B,2024-01-07
2150,A,2024-01-13
2151,A,2024-01-04
2152,A,2024-01-16
2153,B,2024-01-02
2154,B,2024-01-08
2155,A,2024-01-15
2156,B,2024-01-02
2157,A,2024-01-06
2158,B,2024-01-13
2159,B,2024-01-14
2160,B,2024-01-09
2161,A,2024-01-01
2162,B,2024-01-11
2163,A,2024-01-06
2164,A,2024-01-01
2165,A,2024-01-13
2166,B,2024-01-05
2167,B,2024-01-01
2168,A,2024-01-15
2169,A,2024-01-02
2170,A,2024-01-14
2171,B,2024-01-02
2172,B,2024-01-11
2173,B,2024-01-16
2174,B,2024-01-01
2175,A,2024-01-09
2176,B,2024-01-09
2177,A,2024-01-13
2178,B,2024-01-11
2179,B,2024-01-09
2180,B,2024-01-09
2181,B,2024-01-04
2182,B,2024-01-06
2183,B,2024-01-01
2184,A,2024-01-07
2185,A,2024-01-14
2186,A,2024-01-01
2187,B,2024-01-15
2188,B,2024-01-03
2189,B,2024-01-12
2190,A,2024-01-01
2191,A,2024-01-16
2192,B,2024-01-11
2193,B,2024-01-11
2194,A,2024-01-13
2195,B,2024-01-14
2196,B,2024-01-12
2197,A,2024-01-07
2198,B,2024-01-04
2199,B,2024-01-09
2200,B,2024-01-06
2201,A,2024-01-09
2202,B,2024-01-12
2203,B,2024-01-12
2204,B,2024-01-09
2205,A,2024-01-03
2206,B,2024-01-13
2207,B,2024-01-11
2208,B,2024-01-02
2209,A,2024-01-01
2210,B,2024-01-09
2211,A,2024-01-12
2212,A,2024-01-15
2213,B,2024-01-14
2214,B,2024-01-13
2215,A,2024-01-13
2216,B,2024-01-03
2217,A,2024-01-08
2218,B,2024-01-07
2219,A,2024-01-10
2220,A,2024-01-16
2221,B,2024-01-09
2222,B,2024-01-11
2223,B,2024-01-05
2224,A,2024-01-12
2225,A,2024-01-14
2226,A,2024-01-07
2227,B,2024-01-05
2228,B,2024-01-07
2229,A,2024-01-03
2230,A,2024-01-13
2231,A,2024-01-15
2232,B,2024-01-06
2233,B,2024-01-01
2234,B,2024-01-06
2235,A,2024-01-13
2236,B,2024-01-07
2237,B,2024-01-13
2238,A,2024-01-09
2239,B,2024-01-14
2240,B,2024-01-14
2241,A,2024-01-02
2242,A,2024-01-05
2243,B,2024-01-02
2244,A,2024-01-08
2245,B,2024-01-09
2246,B,2024-01-12
2247,A,2024-01-11
2248,B,2024-01-13
2249,A,2024-01-06
2250,A,2024-01-01
2251,B,2024-01-10
2252,B,2024-01-14
2253,A,2024-01-05
2254,B,2024-01-10
2255,B,2024-01-16
2256,A,2024-01-01
2257,A,2024-01-16
2258,B,2024-01-01
2259,B,2024-01-07
2260,A,2024-01-05
2261,B,2024-01-13
2262,B,2024-01-03
2263,A,2024-01-01
2264,B,2024-01-08
2265,B,2024-01-15
2266,A,2024-01-13
2267,B,2024-01-04
2268,B,2024-01-11
2269,B,2024-01-09
2270,A,2024-01-12
2271,A,2024-01-07
2272,B,2024-01-07
2273,A,2024-01-11
2274,B,2024-01-05
2275,B,2024-01-03
2276,B,2024-01-06
2277,B,2024-01-03
2278,B,2024-01-15
2279,B,2024-01-14
2280,A,2024-01-12
2281,A,2024-01-06
2282,A,2024-01-01
2283,B,2024-01-10
2284,A,2024-01-06
2285,B,2024-01-11
2286,A,2024-01-07
2287,A,2024-01-12
2288,A,2024-01-06
2289,B,2024-01-14
2290,A,2024-01-03
2291,B,2024-01-08
2292,B,2024-01-11
2293,A,2024-01-09
2294,B,2024-01-07
2295,A,2024-01-04
2296,A,2024-01-13
2297,B,2024-01-05
2298,B,2024-01-05
2299,B,2024-01-11
2300,B,2024-01-16
2301,B,2024-01-14
2302,B,2024-01-08
2303,B,2024-01-12
2304,A,2024-01-01
2305,B,2024-01-15
2306,B,2024-01-05
2307,B,2024-01-05
2308,A,2024-01-12
2309,B,2024-01-05
2310,A,2024-01-07
2311,A,2024-01-12
2312,B,2024-01-08
2313,A,2024-01-12
2314,B,2024-01-16
2315,B,2024-01-09
2316,A,2024-01-12
2317,A,2024-01-11
2318,B,2024-01-09
2319,A,2024-01-08
2320,B,2024-01-07
2321,A,2024-01-12
2322,B,2024-01-16
2323,B,2024-01-10
2324,A,2024-01-06
2325,A,2024-01-06
2326,B,2024-01-04
2327,A,2024-01-16
2328,B,2024-01-06
2329,A,2024-01-13
2330,B,2024-01-16
2331,B,2024-01-08
2332,B,2024-01-11
2333,A,2024-01-11
2334,B,2024-01-08
2335,A,2024-01-16
2336,A,2024-01-16
2337,A,2024-01-01
2338,A,2024-01-05
2339,B,2024-01-06
2340,B,2024-01-03
2341,B,2024-01-05
2342,B,2024-01-12
2343,B,2024-01-07
2344,A,2024-01-08
2345,A,2024-01-08
2346,A,2024-01-03
2347,A,2024-01-01
2348,A,2024-01-10
2349,A,2024-01-08
2350,B,2024-01-05
2351,A,2024-01-11
2352,A,2024-01-11
2353,B,2024-01-01
2354,B,2024-01-04
2355,B,2024-01-12
2356,A,2024-01-02
2357,B,2024-01-07
2358,B,2024-01-13
2359,B,2024-01-16
2360,A,2024-01-15
2361,B,2024-01-03
2362,A,2024-01-12
2363,B,2024-01-10
2364,A,2024-01-14
2365,A,2024-01-16
2366,A,2024-01-02
2367,B,2024-01-11
2368,A,2024-01-05
2369,B,2024-01-04
2370,B,2024-01-04
2371,B,2024-01-06
2372,B,2024-01-04
2373,A,2024-01-11
2374,A,2024-01-05
2375,B,2024-01-12
2376,B,2024-01-03
2377,B,2024-01-13
2378,A,2024-01-05
2379,B,2024-01-13
2380,A,2024-01-02
2381,B,2024-01-14
2382,A,2024-01-02
2383,B,2024-01-03
2384,A,2024-01-12
2385,B,2024-01-09
2386,A,2024-01-09
2387,B,2024-01-15
2388,A,2024-01-12
2389,B,2024-01-02
2390,A,2024-01-02
2391,B,2024-01-13
2392,B,2024-01-08
2393,A,2024-01-10
2394,B,2024-01-12
2395,B,2024-01-12
2396,A,2024-01-14
2397,B,2024-01-12
2398,B,2024-01-11
2399,B,2024-01-03
2400,B,2024-01-09
2401,A,2024-01-04
2402,A,2024-01-04
2403,A,2024-01-07
2404,A,2024-01-14
2405,A,2024-01-12
2406,B,2024-01-15
2407,B,2024-01-11
2408,B,2024-01-02
2409,A,2024-01-09
2410,A,2024-01-02
2411,B,2024-01-01
2412,B,2024-01-06
2413,A,2024-01-13
2414,B,2024-01-03
2415,A,2024-01-10
2416,A,2024-01-01
2417,A,2024-01-02
2418,A,2024-01-03
2419,B,2024-01-13
2420,B,2024-01-05
2421,B,2024-01-06
2422,B,2024-01-14
2423,A,2024-01-01
2424,A,2024-01-06
2425,A,2024-01-03
2426,A,2024-01-01
2427,B,2024-01-09
2428,A,2024-01-07
2429,A,2024-01-04
2430,B,2024-01-15
2431,B,2024-01-08
2432,A,2024-01-06
2433,B,2024-01-03
2434,B,2024-01-13
2435,A,2024-01-06
2436,B,2024-01-12
2437,B,2024-01-04
2438,A,2024-01-10
2439,A,2024-01-12
2440,A,2024-01-16
2441,A,2024-01-12
2442,A,2024-01-10
2443,A,2024-01-06
2444,B,2024-01-03
2445,B,2024-01-05
2446,A,2024-01-05
2447,A,2024-01-04
2448,A,2024-01-13
2449,A,2024-01-06
2450,A,2024-01-02
2451,B,2024-01-04
2452,A,2024-01-01
2453,B,2024-01-16
2454,A,2024-01-01
2455,B,2024-01-10
2456,A,2024-01-09
2457,A,2024-01-13
2458,B,2024-01-01
2459,B,2024-01-09
2460,A,2024-01-11
2461,A,2024-01-05
2462,B,2024-01-02
2463,A,2024-01-08
2464,B,2024-01-02
2465,B,2024-01-16
2466,A,2024-01-16
2467,B,2024-01-09
2468,B,2024-01-07
2469,A,2024-01-08
2470,B,2024-01-11
2471,A,2024-01-10
2472,B,2024-01-15
2473,B,2024-01-09
2474,A,2024-01-13
2475,B,2024-01-06
2476,B,2024-01-08
2477,B,2024-01-01
2478,B,2024-01-02
2479,B,2024-01-01
2480,B,2024-01-13
2481,A,2024-01-03
2482,B,2024-01-04
2483,B,2024-01-04
2484,A,2024-01-06
2485,A,2024-01-12
2486,A,2024-01-02
2487,B,2024-01-13
2488,A,2024-01-13
2489,B,2024-01-09
2490,B,2024-01-13
2491,B,2024-01-11
2492,B,2024-01-10
2493,A,2024-01-04
2494,A,2024-01-01
2495,B,2024-01-08
2496,A,2024-01-16
2497,A,2024-01-08
2498,B,2024-01-09
2499,B,2024-01-12
2500,B,2024-01-12
