customer_id,signup_date,acquisition_channel,city,segment
1,2022-11-29,ads,Kaohsiung,growth
2,2023-06-10,social,Taoyuan,new
3,2025-06-09,social,Taipei,growth
4,2024-07-23,partner,Taichung,new
5,2024-11-27,ads,Kaohsiung,vip
6,2024-08-12,social,Hsinchu,growth
7,2023-10-22,social,Taichung,new
8,2023-04-18,referral,Taipei,vip
9,2024-12-08,referral,Taoyuan,new
10,2024-07-01,ads,Kaohsiung,new
11,2023-11-12,ads,Taichung,growth
12,2023-03-18,ads,Hsinchu,new
13,2023-08-23,ads,Taoyuan,new
14,2024-07-19,social,Tainan,new
15,2023-07-21,ads,Taichung,new
16,2024-08-25,partner,Taichung,new
17,2023-12-03,social,Taichung,growth
18,2023-08-26,ads,Kaohsiung,new
19,2025-07-07,ads,Kaohsiung,new
20,2025-04-14,social,Kaohsiung,new
21,2024-09-11,referral,Hsinchu,new
22,2025-07-19,ads,Tainan,new
23,2025-04-06,social,Taoyuan,new
24,2025-10-02,social,Hsinchu,growth
25,2023-02-08,social,Hsinchu,growth
26,2025-10-01,referral,Taipei,new
27,2022-12-25,social,Hsinchu,new
28,2024-04-22,ads,Kaohsiung,new
29,2023-03-08,ads,Kaohsiung,new
30,2024-08-06,referral,Taipei,new
31,2022-11-29,organic,Taoyuan,growth
32,2024-07-04,social,Kaohsiung,new
33,2023-07-18,referral,Kaohsiung,new
34,2023-05-05,social,Tainan,vip
35,2024-12-14,ads,Tainan,new
36,2022-12-09,referral,Taichung,growth
37,2024-07-10,social,Taipei,new
38,2025-09-13,referral,Taichung,new
39,2025-05-11,social,Kaohsiung,new
40,2025-01-04,ads,Taichung,growth
41,2024-07-16,ads,Kaohsiung,new
42,2023-10-26,social,Taipei,growth
43,2023-04-11,ads,Hsinchu,new
44,2024-12-10,referral,Kaohsiung,vip
45,2022-11-30,referral,Hsinchu,growth
46,2024-02-20,social,Taipei,new
47,2023-07-28,ads,Taipei,new
48,2023-12-01,social,Taichung,new
49,2025-06-14,social,Taoyuan,vip
50,2024-12-05,social,Taoyuan,growth
51,2025-03-24,partner,Tainan,new
52,2024-05-25,social,Tainan,new
53,2024-03-01,ads,Taipei,new
54,2023-10-23,ads,Taipei,new
55,2024-09-20,ads,Taichung,new
56,2024-08-01,referral,Hsinchu,vip
57,2025-07-17,ads,Kaohsiung,growth
58,2025-09-25,social,Taipei,growth
59,2023-02-26,ads,Taipei,new
60,2023-01-02,organic,Tainan,new
61,2023-03-08,ads,Tainan,new
62,2024-08-12,social,Taoyuan,growth
63,2024-05-16,ads,Taichung,new
64,2023-06-15,ads,Taoyuan,growth
65,2024-06-17,social,Taichung,growth
66,2024-01-22,social,Kaohsiung,new
67,2024-01-22,social,Tainan,growth
68,2023-06-08,ads,Kaohsiung,new
69,2025-01-06,referral,Taichung,growth
70,2025-06-13,ads,Taoyuan,new
71,2024-01-07,partner,Tainan,new
72,2025-02-14,referral,Kaohsiung,growth
73,2024-02-17,ads,Kaohsiung,new
74,2023-07-10,ads,Kaohsiung,growth
75,2023-03-06,ads,Taoyuan,new
76,2024-04-14,ads,Kaohsiung,new
77,2024-01-22,social,Kaohsiung,growth
78,2023-04-10,referral,Tainan,new
79,2023-01-03,organic,Hsinchu,new
80,2023-07-08,organic,Taichung,new
81,2024-11-13,social,Tainan,new
82,2023-12-22,ads,Hsinchu,new
83,2025-09-12,ads,Taipei,new
84,2023-08-18,ads,Hsinchu,growth
85,2025-09-17,ads,Taoyuan,new
86,2024-10-09,social,Taipei,new
87,2025-10-25,social,Hsinchu,growth
88,2025-08-26,ads,Taichung,new
89,2023-11-11,ads,Kaohsiung,new
90,2025-12-01,organic,Tainan,new
91,2023-04-24,organic,Taipei,new
92,2024-05-10,referral,Tainan,new
93,2025-02-13,referral,Taipei,growth
94,2024-01-22,referral,Taoyuan,growth
95,2025-02-15,social,Kaohsiung,new
96,2023-02-26,ads,Taichung,new
97,2024-10-21,ads,Hsinchu,new
98,2025-11-09,referral,Taipei,new
99,2025-02-03,social,Taoyuan,vip
100,2024-06-20,ads,Hsinchu,growth
101,2023-12-29,referral,Taipei,growth
102,2023-07-22,ads,Taoyuan,new
103,2023-11-04,social,Taichung,new
104,2024-04-01,referral,Taichung,growth
105,2024-04-02,referral,Kaohsiung,new
106,2022-12-21,social,Taichung,new
107,2024-07-21,partner,Tainan,new
108,2022-12-04,referral,Taoyuan,new
109,2025-03-03,ads,Taipei,growth
110,2022-12-11,referral,Kaohsiung,growth
111,2024-09-19,organic,Taichung,new
112,2024-02-14,ads,Taoyuan,vip
113,2025-07-29,partner,Hsinchu,new
114,2025-09-27,partner,Taichung,new
115,2024-08-29,partner,Taichung,vip
116,2023-05-05,partner,Taipei,growth
117,2025-10-04,referral,Taoyuan,new
118,2023-07-14,referral,Taipei,growth
119,2023-02-08,referral,Taoyuan,new
120,2024-11-21,ads,Taipei,new
121,2023-12-17,ads,Tainan,growth
122,2024-10-29,referral,Tainan,new
123,2023-11-08,referral,Taichung,new
124,2025-05-20,social,Taoyuan,new
125,2024-08-26,ads,Taichung,new
126,2025-08-29,ads,Taichung,new
127,2025-11-05,ads,Taoyuan,growth
128,2024-06-05,social,Taichung,new
129,2022-12-06,organic,Taipei,growth
130,2023-03-14,social,Taoyuan,new
131,2025-05-29,referral,Tainan,growth
132,2023-06-28,organic,Taichung,new
133,2024-01-16,referral,Taichung,growth
134,2025-09-18,social,Kaohsiung,new
135,2023-10-29,social,Tainan,growth
136,2024-02-24,partner,Taipei,new
137,2024-03-09,ads,Taoyuan,new
138,2023-10-02,partner,Taoyuan,new
139,2025-04-21,ads,Hsinchu,new
140,2025-02-10,referral,Kaohsiung,new
141,2024-09-17,social,Tainan,new
142,2022-12-05,social,Taoyuan,new
143,2025-08-09,ads,Taoyuan,new
144,2025-03-24,ads,Hsinchu,new
145,2023-10-11,referral,Taoyuan,new
146,2023-10-04,ads,Taipei,new
147,2025-04-30,social,Kaohsiung,new
148,2025-02-18,referral,Tainan,vip
149,2023-07-20,organic,Taoyuan,vip
150,2024-10-19,social,Tainan,vip
151,2024-02-04,referral,Kaohsiung,new
152,2024-10-20,social,Taoyuan,growth
153,2023-07-21,partner,Taoyuan,growth
154,2023-10-04,social,Taoyuan,vip
155,2024-07-18,referral,Hsinchu,new
156,2025-05-30,ads,Kaohsiung,growth
157,2025-11-16,social,Tainan,growth
158,2024-07-20,ads,Kaohsiung,growth
159,2024-01-17,social,Kaohsiung,new
160,2024-03-19,social,Taipei,new
161,2023-10-12,referral,Taichung,growth
162,2024-11-02,referral,Taichung,new
163,2024-10-08,social,Taichung,growth
164,2024-01-25,social,Kaohsiung,new
165,2022-12-04,ads,Taipei,new
166,2025-02-25,ads,Taoyuan,new
167,2024-09-07,referral,Taipei,growth
168,2024-06-23,social,Hsinchu,new
169,2022-12-12,organic,Taichung,new
170,2024-01-18,referral,Tainan,new
171,2025-04-17,referral,Taipei,new
172,2025-05-09,social,Taipei,new
173,2024-10-15,ads,Tainan,growth
174,2025-11-30,partner,Taoyuan,new
175,2025-04-29,social,Kaohsiung,vip
176,2023-08-22,partner,Taichung,new
177,2023-10-29,social,Hsinchu,growth
178,2023-01-16,ads,Taipei,new
179,2024-01-13,partner,Taipei,new
180,2024-05-15,organic,Tainan,new
181,2023-11-12,social,Tainan,new
182,2024-02-05,referral,Taipei,new
183,2023-03-07,ads,Taoyuan,new
184,2025-05-28,ads,Taichung,new
185,2023-04-14,organic,Taipei,new
186,2023-07-10,ads,Tainan,new
187,2025-05-17,ads,Taoyuan,new
188,2023-01-28,ads,Tainan,new
189,2023-04-15,partner,Taipei,new
190,2024-03-11,partner,Tainan,new
191,2024-02-13,ads,Hsinchu,new
192,2025-01-08,ads,Taichung,new
193,2024-06-25,organic,Hsinchu,growth
194,2023-10-26,social,Tainan,growth
195,2025-09-23,partner,Kaohsiung,vip
196,2025-09-26,social,Taoyuan,new
197,2025-09-05,organic,Kaohsiung,new
198,2024-01-18,social,Taoyuan,growth
199,2023-07-31,social,Taipei,new
200,2024-06-30,referral,Tainan,vip
201,2023-08-30,ads,Taoyuan,growth
202,2022-12-26,organic,Tainan,growth
203,2024-02-06,organic,Taipei,vip
204,2023-09-28,ads,Tainan,new
205,2023-08-29,referral,Taipei,new
206,2025-10-10,social,Taichung,new
207,2023-05-30,social,Kaohsiung,new
208,2024-05-08,social,Taipei,new
209,2024-01-11,ads,Tainan,new
210,2025-04-10,partner,Kaohsiung,new
211,2025-08-15,social,Hsinchu,growth
212,2025-06-18,social,Taichung,new
213,2025-11-26,social,Taipei,new
214,2023-05-24,ads,Tainan,growth
215,2024-06-15,social,Taipei,growth
216,2025-02-07,referral,Taipei,growth
217,2024-01-18,ads,Taichung,growth
218,2023-12-03,social,Taoyuan,growth
219,2023-02-28,ads,Taoyuan,growth
220,2023-10-20,social,Hsinchu,growth
221,2024-02-21,referral,Taipei,new
222,2022-12-07,organic,Taichung,growth
223,2023-06-10,ads,Kaohsiung,new
224,2024-11-04,organic,Taipei,new
225,2024-06-07,partner,Tainan,new
226,2024-06-28,ads,Tainan,new
227,2024-09-29,ads,Taoyuan,new
228,2023-04-16,ads,Kaohsiung,new
229,2024-01-25,social,Taipei,new
230,2025-05-31,organic,Kaohsiung,new
231,2022-12-29,ads,Taichung,new
232,2024-04-11,social,Kaohsiung,new
233,2023-06-20,referral,Hsinchu,vip
234,2024-04-08,ads,Hsinchu,new
235,2023-01-16,social,Taoyuan,growth
236,2025-02-27,ads,Taichung,vip
237,2025-10-04,partner,Taipei,growth
238,2024-05-03,referral,Kaohsiung,vip
239,2024-12-15,referral,Hsinchu,new
240,2025-11-29,partner,Hsinchu,growth
241,2024-08-10,social,Hsinchu,new
242,2023-03-16,referral,Taipei,new
243,2022-11-27,ads,Taoyuan,new
244,2023-06-21,ads,Taichung,new
245,2023-03-20,ads,Hsinchu,growth
246,2024-09-05,partner,Taipei,growth
247,2023-07-31,ads,Hsinchu,growth
248,2024-11-25,partner,Kaohsiung,vip
249,2024-12-10,referral,Taichung,new
250,2024-05-29,social,Hsinchu,growth
251,2024-01-21,ads,Taichung,new
252,2024-11-24,referral,Hsinchu,new
253,2023-08-22,partner,Hsinchu,new
254,2023-12-31,referral,Tainan,new
255,2024-11-30,ads,Taipei,new
256,2023-02-11,social,Taichung,growth
257,2025-11-20,ads,Taipei,new
258,2025-04-18,organic,Taipei,new
259,2024-08-06,social,Kaohsiung,growth
260,2023-07-24,social,Tainan,vip
261,2024-06-20,social,Hsinchu,growth
262,2024-07-15,social,Tainan,growth
263,2025-06-24,social,Taoyuan,growth
264,2023-01-08,social,Taichung,new
265,2025-08-25,ads,Taipei,vip
266,2024-09-19,partner,Hsinchu,new
267,2023-10-08,ads,Taipei,new
268,2023-12-22,social,Kaohsiung,new
269,2025-02-25,organic,Hsinchu,new
270,2025-06-04,ads,Hsinchu,vip
271,2025-08-10,ads,Taichung,new
272,2023-02-26,referral,Kaohsiung,new
273,2025-07-03,social,Tainan,growth
274,2025-10-14,social,Taichung,growth
275,2025-07-10,social,Taipei,new
276,2025-04-02,social,Tainan,growth
277,2025-08-28,ads,Hsinchu,new
278,2023-04-27,referral,Taoyuan,growth
279,2023-11-11,referral,Hsinchu,new
280,2023-09-06,organic,Taoyuan,new
281,2023-08-29,organic,Taipei,new
282,2023-07-06,partner,Taipei,new
283,2023-11-08,ads,Kaohsiung,vip
284,2024-02-15,ads,Taoyuan,new
285,2025-08-11,social,Hsinchu,growth
286,2024-01-07,ads,Taipei,new
287,2022-12-06,partner,Hsinchu,new
288,2025-10-20,ads,Tainan,new
289,2024-07-09,social,Hsinchu,new
290,2024-06-26,partner,Kaohsiung,new
291,2024-11-30,ads,Taichung,growth
292,2024-12-16,referral,Kaohsiung,vip
293,2025-08-30,ads,Taipei,growth
294,2024-01-26,ads,Hsinchu,growth
295,2024-02-15,ads,Taoyuan,new
296,2024-12-04,partner,Tainan,new
297,2023-08-09,referral,Tainan,new
298,2023-09-30,ads,Tainan,growth
299,2024-09-22,referral,Taichung,new
300,2023-02-06,organic,Tainan,new
301,2025-03-22,partner,Taichung,new
302,2025-05-12,ads,Taipei,growth
303,2025-10-21,ads,Kaohsiung,growth
304,2025-03-27,social,Taipei,new
305,2025-10-26,ads,Kaohsiung,growth
306,2024-09-26,organic,Tainan,new
307,2025-05-24,partner,Taoyuan,vip
308,2025-05-01,ads,Taichung,new
309,2023-01-07,organic,Hsinchu,new
310,2025-11-11,social,Hsinchu,growth
311,2025-08-02,referral,Taichung,growth
312,2025-02-27,social,Taipei,new
313,2024-07-15,referral,Hsinchu,growth
314,2025-05-29,organic,Kaohsiung,new
315,2023-02-07,ads,Tainan,growth
316,2025-04-14,referral,Kaohsiung,new
317,2025-08-10,social,Hsinchu,new
318,2023-01-18,referral,Hsinchu,new
319,2023-07-05,ads,Taoyuan,new
320,2024-03-02,social,Taichung,vip
321,2024-04-26,ads,Taipei,growth
322,2023-05-07,ads,Taoyuan,new
323,2023-02-20,ads,Taoyuan,new
324,2023-03-06,ads,Taoyuan,growth
325,2025-06-26,ads,Tainan,vip
326,2023-12-14,ads,Tainan,growth
327,2023-08-03,partner,Taoyuan,growth
328,2024-03-23,organic,Taichung,new
329,2023-12-13,referral,Kaohsiung,new
330,2025-10-03,partner,Hsinchu,new
331,2024-08-23,social,Kaohsiung,new
332,2025-07-23,referral,Kaohsiung,growth
333,2022-12-02,referral,Taoyuan,growth
334,2023-11-16,partner,Kaohsiung,growth
335,2025-09-16,social,Tainan,vip
336,2024-06-27,ads,Taipei,new
337,2025-08-29,referral,Kaohsiung,vip
338,2023-05-04,referral,Hsinchu,growth
339,2025-08-08,referral,Taipei,new
340,2023-07-09,social,Taoyuan,vip
341,2023-10-07,social,Hsinchu,new
342,2024-01-29,social,Taoyuan,new
343,2024-11-10,ads,Kaohsiung,growth
344,2024-12-27,referral,Hsinchu,growth
345,2025-06-14,referral,Kaohsiung,new
346,2023-01-17,ads,Kaohsiung,new
347,2024-11-19,referral,Hsinchu,growth
348,2024-11-25,ads,Kaohsiung,vip
349,2024-09-06,social,Tainan,vip
350,2025-08-15,referral,Taipei,new
351,2024-06-19,organic,Taoyuan,new
352,2023-05-30,referral,Tainan,new
353,2025-05-26,partner,Hsinchu,new
354,2024-11-06,referral,Taichung,new
355,2023-01-22,ads,Kaohsiung,new
356,2023-11-15,ads,Taoyuan,growth
357,2024-01-30,social,Kaohsiung,new
358,2024-05-08,partner,Tainan,new
359,2024-02-01,referral,Tainan,new
360,2025-06-03,referral,Taoyuan,growth
361,2023-07-20,partner,Taipei,growth
362,2023-07-13,ads,Kaohsiung,growth
363,2023-02-25,ads,Tainan,new
364,2024-04-12,organic,Taichung,growth
365,2023-01-25,ads,Taipei,new
366,2023-07-16,organic,Kaohsiung,new
367,2024-02-22,social,Tainan,growth
368,2025-08-03,referral,Hsinchu,new
369,2025-05-19,ads,Tainan,growth
370,2023-08-24,organic,Taipei,new
371,2023-04-02,ads,Taichung,new
372,2025-08-22,referral,Taipei,new
373,2024-04-08,ads,Tainan,new
374,2024-10-27,organic,Kaohsiung,new
375,2024-07-11,ads,Taipei,growth
376,2024-11-09,partner,Taipei,new
377,2025-03-20,referral,Taoyuan,new
378,2024-12-13,referral,Hsinchu,growth
379,2025-08-25,organic,Kaohsiung,vip
380,2024-02-21,organic,Taipei,new
381,2024-12-26,ads,Taipei,growth
382,2025-08-20,organic,Taipei,growth
383,2025-05-28,social,Tainan,vip
384,2025-04-02,organic,Tainan,vip
385,2025-02-16,social,Taoyuan,new
386,2025-03-04,organic,Taipei,growth
387,2025-08-07,partner,Taichung,new
388,2025-11-02,social,Tainan,vip
389,2025-09-22,partner,Taichung,new
390,2023-05-24,referral,Tainan,vip
391,2023-02-19,social,Hsinchu,vip
392,2023-01-13,ads,Taichung,new
393,2024-02-22,referral,Tainan,new
394,2023-03-07,ads,Taichung,new
395,2025-08-24,partner,Taichung,growth
396,2024-08-04,organic,Hsinchu,new
397,2025-03-04,social,Taipei,new
398,2023-12-10,ads,Taipei,vip
399,2023-06-26,referral,Taipei,new
400,2025-06-07,ads,Taichung,new
401,2024-01-17,referral,Hsinchu,vip
402,2024-06-18,social,Tainan,new
403,2025-11-05,ads,Taoyuan,growth
404,2023-01-12,referral,Taichung,new
405,2024-03-23,referral,Taichung,growth
406,2024-10-13,organic,Hsinchu,new
407,2023-10-09,referral,Kaohsiung,vip
408,2023-12-28,social,Hsinchu,vip
409,2023-10-12,social,Taoyuan,new
410,2025-03-18,social,Hsinchu,new
411,2023-01-21,social,Taichung,growth
412,2024-10-07,ads,Taipei,new
413,2024-09-25,ads,Taoyuan,new
414,2023-12-15,organic,Kaohsiung,new
415,2023-01-01,social,Hsinchu,growth
416,2025-07-06,organic,Taipei,new
417,2022-12-21,social,Kaohsiung,new
418,2024-10-26,referral,Tainan,new
419,2024-03-05,ads,Kaohsiung,vip
420,2025-07-04,ads,Kaohsiung,growth
421,2023-10-15,social,Hsinchu,vip
422,2025-11-22,social,Tainan,new
423,2024-03-19,referral,Taoyuan,new
424,2023-09-26,ads,Tainan,new
425,2024-09-13,social,Hsinchu,new
426,2024-04-05,referral,Hsinchu,new
427,2024-03-05,referral,Tainan,growth
428,2023-03-19,referral,Taichung,new
429,2024-11-28,ads,Tainan,new
430,2024-07-28,referral,Kaohsiung,new
431,2025-03-24,referral,Taipei,growth
432,2024-06-18,organic,Tainan,new
433,2025-01-21,social,Kaohsiung,vip
434,2024-11-24,social,Taichung,new
435,2025-01-01,referral,Taipei,growth
436,2023-06-09,partner,Tainan,new
437,2024-11-06,social,Taipei,new
438,2023-10-29,social,Tainan,growth
439,2023-11-08,referral,Tainan,new
440,2023-05-27,social,Taoyuan,growth
441,2025-02-09,ads,Tainan,new
442,2023-08-11,organic,Hsinchu,vip
443,2024-06-16,referral,Kaohsiung,vip
444,2023-10-22,social,Taichung,new
445,2025-11-17,organic,Kaohsiung,growth
446,2025-10-07,social,Taoyuan,new
447,2024-08-23,social,Tainan,growth
448,2025-11-22,social,Kaohsiung,vip
449,2022-12-03,ads,Kaohsiung,vip
450,2024-03-15,social,Taoyuan,new
451,2024-09-05,social,Hsinchu,growth
452,2023-07-12,ads,Taichung,growth
453,2025-04-13,referral,Taoyuan,new
454,2023-08-30,organic,Kaohsiung,new
455,2023-12-06,ads,Taipei,new
456,2024-01-16,organic,Hsinchu,new
457,2023-06-20,ads,Taipei,new
458,2025-04-23,referral,Kaohsiung,new
459,2025-02-06,social,Kaohsiung,new
460,2023-11-25,social,Tainan,growth
461,2025-04-16,organic,Tainan,new
462,2024-01-07,partner,Taichung,vip
463,2023-11-25,ads,Taoyuan,new
464,2024-07-04,social,Taichung,new
465,2023-12-10,social,Hsinchu,new
466,2023-01-12,social,Hsinchu,new
467,2024-12-14,partner,Kaohsiung,new
468,2024-09-25,organic,Kaohsiung,new
469,2023-02-17,ads,Taoyuan,new
470,2024-04-13,referral,Taichung,new
471,2025-01-03,social,Taoyuan,vip
472,2023-09-07,social,Taoyuan,growth
473,2025-10-13,ads,Taipei,growth
474,2023-09-23,ads,Taipei,growth
475,2025-05-09,ads,Hsinchu,new
476,2023-02-28,social,Hsinchu,growth
477,2024-12-02,referral,Kaohsiung,new
478,2024-02-03,partner,Hsinchu,new
479,2024-11-30,partner,Hsinchu,new
480,2025-03-14,ads,Taipei,new
481,2024-03-31,social,Tainan,new
482,2024-05-01,social,Kaohsiung,new
483,2024-05-19,ads,Kaohsiung,new
484,2023-07-17,ads,Taoyuan,new
485,2025-03-11,ads,Kaohsiung,vip
486,2024-09-05,referral,Kaohsiung,new
487,2024-11-28,partner,Taichung,new
488,2023-04-03,social,Hsinchu,new
489,2025-04-28,ads,Taipei,growth
490,2024-10-24,organic,Kaohsiung,new
491,2025-03-06,organic,Taichung,new
492,2025-03-23,social,Hsinchu,vip
493,2024-11-17,ads,Taichung,growth
494,2025-02-07,social,Hsinchu,growth
495,2025-06-28,referral,Taoyuan,growth
496,2023-08-09,ads,Tainan,new
497,2024-01-28,referral,Taichung,growth
498,2024-12-16,organic,Taipei,new
499,2025-11-11,referral,Taichung,growth
500,2025-09-30,ads,Tainan,new
501,2024-08-18,ads,Taipei,new
502,2023-02-14,referral,Taichung,growth
503,2025-07-03,ads,Kaohsiung,new
504,2025-09-02,referral,Tainan,growth
505,2023-06-30,ads,Tainan,new
506,2025-04-27,organic,Taipei,growth
507,2025-09-27,ads,Tainan,new
508,2025-01-31,ads,Tainan,new
509,2025-03-29,social,Taipei,new
510,2023-10-06,referral,Taoyuan,new
511,2023-05-29,referral,Taipei,new
512,2022-12-23,partner,Hsinchu,growth
513,2023-10-17,social,Taoyuan,growth
514,2023-10-13,organic,Kaohsiung,new
515,2025-01-22,social,Taoyuan,new
516,2023-09-11,partner,Hsinchu,growth
517,2025-04-07,ads,Hsinchu,new
518,2025-02-06,social,Kaohsiung,vip
519,2024-11-12,ads,Taipei,new
520,2022-12-03,referral,Taoyuan,growth
521,2023-04-30,ads,Kaohsiung,new
522,2023-10-31,ads,Hsinchu,growth
523,2023-01-29,ads,Kaohsiung,new
524,2024-07-16,ads,Taipei,vip
525,2023-01-07,ads,Taoyuan,new
526,2024-07-17,social,Kaohsiung,growth
527,2023-10-21,ads,Taichung,growth
528,2024-11-25,social,Taichung,new
529,2025-09-14,partner,Taipei,growth
530,2023-05-29,ads,Tainan,growth
531,2024-07-18,organic,Taipei,new
532,2024-01-28,ads,Taoyuan,new
533,2024-07-20,organic,Taoyuan,growth
534,2025-11-14,social,Tainan,new
535,2023-06-01,partner,Kaohsiung,new
536,2023-09-03,partner,Taoyuan,new
537,2024-06-17,partner,Kaohsiung,new
538,2025-08-29,ads,Taoyuan,growth
539,2025-05-06,referral,Taipei,new
540,2023-06-14,referral,Taichung,new
541,2025-07-25,organic,Tainan,new
542,2025-01-06,social,Taoyuan,growth
543,2023-05-10,referral,Kaohsiung,new
544,2024-12-29,organic,Kaohsiung,new
545,2023-04-02,social,Taipei,new
546,2023-02-20,referral,Tainan,new
547,2023-09-17,ads,Tainan,new
548,2024-08-08,ads,Taipei,growth
549,2023-10-22,social,Taichung,new
550,2023-12-15,ads,Kaohsiung,new
551,2024-01-08,social,Kaohsiung,vip
552,2023-07-11,social,Taoyuan,growth
553,2024-12-19,ads,Taoyuan,growth
554,2024-08-24,ads,Tainan,new
555,2025-06-06,social,Taoyuan,new
556,2024-01-29,social,Taichung,vip
557,2025-09-27,social,Taipei,new
558,2024-03-30,ads,Hsinchu,new
559,2025-04-04,social,Taichung,growth
560,2022-12-03,referral,Hsinchu,new
561,2025-07-17,referral,Tainan,new
562,2024-02-04,social,Taichung,vip
563,2023-05-11,organic,Taipei,growth
564,2024-01-19,organic,Taoyuan,new
565,2023-10-26,social,Kaohsiung,new
566,2025-02-09,referral,Tainan,vip
567,2023-01-10,organic,Hsinchu,new
568,2024-09-17,ads,Hsinchu,new
569,2024-05-24,organic,Taipei,vip
570,2024-03-04,partner,Taipei,new
571,2025-01-03,referral,Taipei,growth
572,2023-06-06,social,Kaohsiung,new
573,2025-06-15,social,Taipei,new
574,2025-02-12,social,Tainan,vip
575,2022-12-06,social,Taipei,new
576,2024-05-17,ads,Hsinchu,new
577,2025-05-28,partner,Taichung,new
578,2023-04-19,social,Taichung,new
579,2025-09-12,social,Taichung,new
580,2023-04-12,social,Kaohsiung,growth
581,2025-05-18,referral,Taichung,new
582,2024-07-07,ads,Taipei,vip
583,2023-12-15,referral,Taichung,growth
584,2024-12-19,ads,Taipei,growth
585,2025-01-27,ads,Hsinchu,vip
586,2023-10-31,social,Taoyuan,new
587,2024-02-01,organic,Hsinchu,vip
588,2024-02-27,referral,Taichung,growth
589,2024-05-07,ads,Taichung,new
590,2025-03-24,ads,Kaohsiung,growth
591,2024-01-23,ads,Kaohsiung,growth
592,2024-01-24,partner,Tainan,growth
593,2024-08-24,organic,Tainan,new
594,2023-06-04,social,Taipei,new
595,2023-03-05,referral,Tainan,new
596,2024-01-15,ads,Tainan,new
597,2025-03-11,social,Taipei,new
598,2024-10-23,ads,Taoyuan,vip
599,2024-04-08,referral,Hsinchu,growth
600,2024-12-30,social,Tainan,new
601,2023-07-12,ads,Hsinchu,new
602,2025-01-28,ads,Kaohsiung,new
603,2023-11-14,ads,Hsinchu,new
604,2023-12-04,organic,Hsinchu,growth
605,2024-08-16,referral,Kaohsiung,new
606,2023-09-14,ads,Taipei,growth
607,2024-04-13,referral,Tainan,new
608,2024-04-27,ads,Taichung,new
609,2022-12-24,organic,Taoyuan,growth
610,2025-04-27,ads,Kaohsiung,vip
611,2024-11-09,ads,Tainan,new
612,2024-04-30,organic,Taichung,new
613,2023-04-05,organic,Taipei,new
614,2023-02-12,referral,Hsinchu,new
615,2024-01-01,social,Taipei,growth
616,2023-10-17,organic,Taipei,new
617,2025-10-09,ads,Hsinchu,growth
618,2025-09-14,social,Taipei,new
619,2025-06-29,social,Kaohsiung,new
620,2024-02-09,partner,Taichung,growth
621,2023-11-04,ads,Taichung,new
622,2023-10-06,social,Tainan,new
623,2024-05-10,ads,Kaohsiung,growth
624,2023-02-22,ads,Taipei,new
625,2023-07-25,social,Kaohsiung,new
626,2023-10-14,referral,Taichung,vip
627,2025-04-08,social,Tainan,growth
628,2025-05-02,social,Taipei,new
629,2024-11-14,referral,Taichung,growth
630,2025-11-09,ads,Hsinchu,new
631,2024-12-21,referral,Tainan,vip
632,2023-06-27,social,Kaohsiung,new
633,2023-05-23,ads,Taipei,growth
634,2023-10-13,organic,Hsinchu,new
635,2025-05-27,social,Hsinchu,new
636,2024-05-27,referral,Taipei,growth
637,2025-01-21,social,Hsinchu,new
638,2023-07-19,organic,Kaohsiung,new
639,2025-02-01,social,Hsinchu,growth
640,2024-05-02,ads,Taichung,new
641,2025-03-19,organic,Kaohsiung,vip
642,2023-10-11,organic,Hsinchu,new
643,2024-01-07,referral,Taoyuan,growth
644,2025-10-01,social,Taoyuan,new
645,2025-11-03,ads,Taipei,new
646,2025-03-15,partner,Taipei,new
647,2023-09-20,social,Tainan,new
648,2025-07-11,referral,Taichung,new
649,2023-01-04,ads,Tainan,new
650,2024-11-22,referral,Taipei,vip
651,2023-09-26,referral,Hsinchu,growth
652,2024-12-22,ads,Kaohsiung,new
653,2023-08-03,referral,Hsinchu,new
654,2023-09-14,ads,Kaohsiung,growth
655,2023-04-01,ads,Tainan,new
656,2024-06-13,ads,Taichung,new
657,2023-01-08,ads,Kaohsiung,new
658,2024-04-10,ads,Kaohsiung,new
659,2024-12-07,referral,Taipei,new
660,2023-05-26,organic,Taoyuan,new
661,2024-10-10,referral,Hsinchu,vip
662,2023-03-06,ads,Hsinchu,growth
663,2024-06-26,ads,Tainan,new
664,2023-06-15,ads,Taichung,new
665,2023-08-31,social,Tainan,new
666,2023-01-16,referral,Taipei,new
667,2025-04-11,ads,Hsinchu,new
668,2024-10-17,partner,Tainan,new
669,2025-08-25,referral,Hsinchu,new
670,2025-07-28,ads,Hsinchu,new
671,2023-01-14,ads,Taipei,new
672,2024-05-31,organic,Hsinchu,growth
673,2024-08-23,referral,Hsinchu,new
674,2024-04-06,ads,Kaohsiung,new
675,2023-12-24,social,Taoyuan,new
676,2023-11-03,social,Tainan,growth
677,2025-04-16,ads,Taoyuan,new
678,2025-01-14,referral,Taipei,new
679,2025-04-29,ads,Tainan,new
680,2023-07-19,ads,Kaohsiung,growth
681,2024-01-21,referral,Taipei,growth
682,2025-07-29,partner,Taichung,new
683,2023-06-09,referral,Taichung,new
684,2024-07-29,ads,Kaohsiung,new
685,2025-07-25,social,Taipei,growth
686,2024-05-29,social,Kaohsiung,new
687,2025-10-19,referral,Kaohsiung,new
688,2023-03-28,referral,Tainan,new
689,2025-10-26,referral,Taichung,vip
690,2024-02-29,ads,Hsinchu,growth
691,2022-12-08,referral,Taoyuan,growth
692,2022-12-07,referral,Taipei,growth
693,2025-07-28,ads,Tainan,new
694,2025-02-14,ads,Taichung,new
695,2022-12-28,social,Kaohsiung,vip
696,2023-01-20,social,Taipei,vip
697,2024-09-04,organic,Taoyuan,new
698,2024-11-08,social,Tainan,new
699,2025-09-05,referral,Taipei,new
700,2025-11-15,ads,Taoyuan,new
701,2024-08-27,ads,Tainan,new
702,2025-09-03,ads,Tainan,growth
703,2025-07-04,organic,Tainan,growth
704,2023-09-27,ads,Tainan,new
705,2023-09-30,ads,Hsinchu,new
706,2023-12-04,social,Taipei,new
707,2023-12-31,organic,Taipei,new
708,2024-11-18,social,Tainan,new
709,2023-04-28,referral,Taipei,growth
710,2024-12-07,social,Taipei,new
711,2024-05-14,ads,Taipei,growth
712,2023-06-25,social,Taipei,vip
713,2025-03-27,referral,Hsinchu,new
714,2024-03-21,referral,Tainan,vip
715,2024-07-05,ads,Hsinchu,growth
716,2024-05-22,ads,Hsinchu,new
717,2024-03-17,referral,Tainan,new
718,2025-08-19,social,Tainan,new
719,2025-09-14,ads,Taichung,new
720,2025-11-08,ads,Taipei,new
721,2025-01-17,partner,Hsinchu,new
722,2024-07-03,social,Kaohsiung,new
723,2023-11-30,organic,Tainan,growth
724,2024-03-05,ads,Hsinchu,growth
725,2024-05-08,partner,Taoyuan,new
726,2024-04-07,referral,Kaohsiung,vip
727,2023-08-03,social,Taoyuan,new
728,2025-10-03,social,Taoyuan,new
729,2024-02-08,social,Taichung,growth
730,2024-05-03,social,Taoyuan,growth
731,2025-08-16,ads,Taichung,new
732,2025-10-21,organic,Taipei,new
733,2023-04-09,social,Taipei,new
734,2024-05-18,referral,Taoyuan,new
735,2023-01-05,referral,Taichung,new
736,2024-01-28,ads,Tainan,growth
737,2025-11-30,ads,Hsinchu,new
738,2025-04-23,social,Hsinchu,growth
739,2024-07-23,partner,Taipei,growth
740,2024-03-25,organic,Taipei,growth
741,2024-03-15,ads,Kaohsiung,growth
742,2024-05-03,referral,Taoyuan,new
743,2023-09-29,referral,Taichung,growth
744,2023-02-18,social,Tainan,new
745,2024-05-26,social,Kaohsiung,new
746,2025-11-28,ads,Taichung,new
747,2023-10-03,organic,Taichung,growth
748,2024-11-19,organic,Hsinchu,vip
749,2024-05-30,ads,Hsinchu,growth
750,2023-07-11,ads,Taichung,growth
751,2023-07-04,ads,Taipei,new
752,2023-05-21,organic,Taoyuan,new
753,2023-03-28,social,Tainan,new
754,2025-11-10,partner,Taipei,growth
755,2025-09-02,partner,Taoyuan,new
756,2025-06-10,ads,Taoyuan,vip
757,2024-12-27,social,Taoyuan,new
758,2023-08-18,social,Kaohsiung,new
759,2025-09-28,organic,Tainan,growth
760,2023-01-08,ads,Hsinchu,new
761,2024-09-10,referral,Taoyuan,new
762,2024-09-19,ads,Tainan,growth
763,2024-07-06,referral,Tainan,new
764,2023-04-11,referral,Hsinchu,new
765,2023-12-25,social,Taichung,vip
766,2025-11-11,ads,Kaohsiung,new
767,2023-11-28,ads,Tainan,new
768,2025-10-16,ads,Taoyuan,new
769,2025-05-16,social,Hsinchu,new
770,2025-01-16,organic,Tainan,new
771,2023-06-03,ads,Hsinchu,new
772,2025-02-11,ads,Hsinchu,new
773,2023-03-28,referral,Taipei,new
774,2023-01-10,ads,Taichung,new
775,2024-11-02,referral,Taichung,new
776,2025-08-04,ads,Tainan,new
777,2025-01-23,ads,Tainan,new
778,2024-12-13,referral,Taichung,new
779,2023-02-17,referral,Tainan,new
780,2022-12-30,ads,Hsinchu,new
781,2025-10-09,ads,Hsinchu,new
782,2025-02-27,ads,Kaohsiung,new
783,2023-11-13,referral,Kaohsiung,new
784,2024-04-20,referral,Tainan,new
785,2023-03-29,ads,Taoyuan,new
786,2023-10-25,social,Kaohsiung,growth
787,2023-02-14,organic,Taichung,new
788,2024-12-19,ads,Kaohsiung,new
789,2024-09-28,social,Taichung,new
790,2025-12-01,organic,Tainan,new
791,2024-09-18,social,Taichung,vip
792,2025-11-08,ads,Taipei,new
793,2025-10-19,social,Taoyuan,new
794,2024-11-15,social,Taichung,new
795,2025-04-09,partner,Tainan,new
796,2025-11-26,organic,Tainan,new
797,2023-12-09,ads,Taipei,new
798,2025-04-01,social,Kaohsiung,new
799,2024-06-12,referral,Kaohsiung,new
800,2023-03-30,organic,Hsinchu,new
801,2023-07-02,referral,Taichung,vip
802,2024-05-08,organic,Kaohsiung,growth
803,2023-02-18,ads,Tainan,growth
804,2023-02-26,ads,Hsinchu,growth
805,2023-09-28,social,Taoyuan,new
806,2022-12-20,social,Taipei,new
807,2022-12-04,ads,Tainan,new
808,2023-03-28,referral,Taichung,growth
809,2023-06-20,organic,Taichung,new
810,2024-11-08,referral,Taichung,growth
811,2025-10-12,referral,Hsinchu,growth
812,2023-02-19,ads,Kaohsiung,growth
813,2022-11-30,social,Taichung,growth
814,2024-10-08,organic,Taipei,vip
815,2024-08-12,ads,Taipei,growth
816,2025-03-17,ads,Tainan,new
817,2024-08-06,referral,Tainan,new
818,2023-04-01,ads,Kaohsiung,new
819,2025-07-20,organic,Taichung,new
820,2025-02-20,referral,Taipei,growth
821,2024-07-23,organic,Kaohsiung,new
822,2023-08-23,referral,Taoyuan,new
823,2023-04-12,referral,Kaohsiung,new
824,2025-11-06,referral,Tainan,new
825,2024-07-02,referral,Taipei,new
826,2024-05-22,social,Taichung,growth
827,2025-07-12,ads,Tainan,new
828,2023-09-07,referral,Taichung,new
829,2023-10-02,social,Taoyuan,new
830,2023-03-26,referral,Taipei,new
831,2025-11-05,ads,Tainan,growth
832,2025-03-13,referral,Hsinchu,new
833,2024-01-06,ads,Hsinchu,new
834,2023-10-13,organic,Taipei,new
835,2023-05-19,social,Taipei,growth
836,2024-12-05,social,Taichung,new
837,2024-11-24,social,Kaohsiung,new
838,2024-10-10,ads,Kaohsiung,vip
839,2025-05-12,social,Taipei,growth
840,2023-10-26,ads,Taoyuan,new
841,2024-01-19,social,Tainan,new
842,2024-11-28,social,Taoyuan,new
843,2023-06-19,ads,Taoyuan,new
844,2023-06-15,social,Taoyuan,vip
845,2023-03-21,organic,Taipei,new
846,2025-02-16,social,Taichung,new
847,2024-09-21,social,Taichung,new
848,2023-03-14,ads,Taoyuan,new
849,2024-09-22,social,Taoyuan,growth
850,2024-09-09,social,Taoyuan,new
851,2023-06-18,referral,Tainan,growth
852,2024-02-26,ads,Hsinchu,growth
853,2024-03-10,social,Taipei,new
854,2025-05-02,ads,Kaohsiung,new
855,2025-02-12,ads,Kaohsiung,growth
856,2025-08-25,organic,Hsinchu,new
857,2025-07-17,ads,Taichung,vip
858,2025-11-03,ads,Kaohsiung,growth
859,2024-11-02,social,Taichung,growth
860,2024-11-05,ads,Tainan,vip
861,2023-12-21,social,Taoyuan,growth
862,2025-11-04,social,Taichung,new
863,2025-08-17,partner,Taoyuan,vip
864,2025-02-27,social,Taoyuan,growth
865,2024-04-19,organic,Taichung,vip
866,2023-12-05,partner,Hsinchu,new
867,2024-05-31,referral,Kaohsiung,new
868,2025-11-11,ads,Tainan,new
869,2023-08-12,referral,Kaohsiung,new
870,2023-07-07,ads,Kaohsiung,new
871,2024-07-28,organic,Taipei,new
872,2024-09-18,ads,Taoyuan,new
873,2022-12-20,social,Taichung,new
874,2024-01-19,referral,Taipei,new
875,2024-08-04,partner,Taoyuan,new
876,2025-07-20,social,Taichung,new
877,2024-01-26,organic,Tainan,growth
878,2024-02-24,social,Hsinchu,new
879,2023-03-24,social,Tainan,new
880,2024-07-20,partner,Kaohsiung,new
881,2023-01-10,referral,Taipei,new
882,2023-11-01,ads,Hsinchu,growth
883,2025-11-05,partner,Kaohsiung,new
884,2025-04-08,ads,Hsinchu,new
885,2024-02-26,ads,Taichung,vip
886,2024-02-02,referral,Taipei,new
887,2023-07-05,social,Hsinchu,new
888,2025-05-31,ads,Taipei,new
889,2023-02-19,referral,Tainan,new
890,2025-03-10,referral,Taoyuan,new
891,2024-10-08,ads,Kaohsiung,new
892,2024-01-04,organic,Kaohsiung,new
893,2022-12-23,ads,Kaohsiung,new
894,2023-09-24,social,Taipei,growth
895,2025-04-24,referral,Taipei,new
896,2024-01-14,ads,Taipei,growth
897,2023-04-28,social,Hsinchu,new
898,2025-10-30,ads,Hsinchu,new
899,2025-05-10,social,Taipei,new
900,2023-11-12,referral,Taoyuan,new
901,2024-04-20,referral,Taoyuan,growth
902,2025-04-19,social,Taipei,growth
903,2025-11-12,social,Taoyuan,vip
904,2024-08-26,ads,Taoyuan,growth
905,2024-10-13,social,Taoyuan,new
906,2024-01-03,ads,Taipei,vip
907,2025-05-06,organic,Taichung,new
908,2025-10-10,partner,Taichung,new
909,2025-08-14,referral,Taoyuan,new
910,2024-05-15,ads,Taipei,vip
911,2022-12-03,organic,Taipei,growth
912,2025-07-07,social,Taipei,new
913,2024-01-27,referral,Taichung,new
914,2025-07-19,ads,Taipei,vip
915,2025-07-28,social,Taipei,new
916,2025-10-23,organic,Taipei,growth
917,2023-07-28,social,Taoyuan,vip
918,2022-12-23,referral,Tainan,growth
919,2024-12-25,ads,Tainan,new
920,2023-03-02,ads,Taoyuan,vip
921,2024-06-10,social,Taoyuan,new
922,2023-06-26,social,Taoyuan,new
923,2023-09-06,ads,Taichung,growth
924,2023-12-16,social,Tainan,growth
925,2023-12-13,social,Taipei,growth
926,2023-05-19,ads,Kaohsiung,new
927,2023-08-31,social,Kaohsiung,new
928,2025-08-12,partner,Tainan,new
929,2025-07-11,ads,Hsinchu,new
930,2023-06-19,social,Taichung,growth
931,2023-01-28,ads,Kaohsiung,new
932,2024-01-01,referral,Taichung,new
933,2024-02-29,social,Kaohsiung,new
934,2022-12-26,ads,Taoyuan,new
935,2024-08-24,referral,Tainan,vip
936,2023-05-08,ads,Taipei,new
937,2024-03-26,organic,Taipei,growth
938,2024-05-28,ads,Taichung,new
939,2024-05-16,social,Kaohsiung,new
940,2024-03-28,ads,Tainan,new
941,2023-04-22,partner,Hsinchu,new
942,2023-03-08,ads,Tainan,new
943,2023-02-28,social,Kaohsiung,growth
944,2024-10-16,social,Tainan,new
945,2024-09-06,social,Kaohsiung,new
946,2024-01-18,social,Taipei,new
947,2025-08-14,ads,Taoyuan,growth
948,2025-10-17,social,Hsinchu,new
949,2023-10-01,ads,Taipei,new
950,2024-02-14,referral,Taoyuan,new
951,2024-03-14,ads,Kaohsiung,new
952,2023-06-12,organic,Kaohsiung,growth
953,2023-08-07,ads,Taichung,new
954,2025-11-11,social,Tainan,growth
955,2024-05-05,ads,Kaohsiung,growth
956,2025-04-09,social,Kaohsiung,new
957,2023-01-27,organic,Kaohsiung,new
958,2023-06-04,referral,Taichung,new
959,2024-11-17,ads,Hsinchu,new
960,2025-06-22,social,Taoyuan,new
961,2023-09-09,partner,Taipei,new
962,2025-08-06,social,Taoyuan,new
963,2023-05-29,partner,Tainan,new
964,2024-11-21,partner,Taipei,new
965,2025-11-18,social,Kaohsiung,growth
966,2024-08-19,social,Kaohsiung,new
967,2023-10-01,social,Kaohsiung,new
968,2023-08-22,organic,Taoyuan,new
969,2024-06-18,referral,Taichung,vip
970,2024-12-07,social,Taoyuan,growth
971,2024-09-30,ads,Taipei,growth
972,2024-01-01,ads,Taichung,new
973,2024-12-23,social,Tainan,growth
974,2023-12-10,social,Kaohsiung,growth
975,2024-07-17,ads,Taichung,new
976,2025-05-26,ads,Kaohsiung,new
977,2024-04-27,ads,Hsinchu,new
978,2023-09-15,referral,Taipei,new
979,2023-02-09,ads,Taichung,new
980,2025-08-09,ads,Taoyuan,new
981,2025-03-03,referral,Hsinchu,vip
982,2023-06-13,social,Taipei,vip
983,2024-02-10,ads,Kaohsiung,growth
984,2023-03-23,ads,Kaohsiung,growth
985,2025-06-17,partner,Kaohsiung,growth
986,2024-07-29,ads,Taichung,new
987,2023-09-18,social,Taoyuan,new
988,2023-05-12,social,Taipei,vip
989,2024-05-14,social,Taipei,new
990,2024-07-02,referral,Tainan,growth
991,2022-12-03,ads,Taipei,growth
992,2023-05-04,social,Kaohsiung,new
993,2023-05-02,referral,Taoyuan,new
994,2024-05-08,organic,Tainan,vip
995,2023-01-03,social,Taichung,new
996,2025-11-27,ads,Hsinchu,new
997,2024-04-22,referral,Taichung,new
998,2023-06-04,organic,Kaohsiung,new
999,2025-01-30,organic,Tainan,new
1000,2024-09-04,ads,Kaohsiung,new
1001,2025-08-26,ads,Tainan,growth
1002,2023-10-19,partner,Hsinchu,new
1003,2023-03-06,referral,Kaohsiung,vip
1004,2024-07-13,ads,Taipei,growth
1005,2023-09-06,ads,Taichung,growth
1006,2025-06-15,ads,Taoyuan,new
1007,2024-06-13,referral,Tainan,growth
1008,2024-10-07,referral,Taichung,new
1009,2025-04-09,social,Kaohsiung,vip
1010,2024-01-27,social,Hsinchu,new
1011,2024-11-23,ads,Taichung,new
1012,2025-01-04,referral,Tainan,growth
1013,2025-09-18,referral,Hsinchu,growth
1014,2025-07-18,referral,Tainan,growth
1015,2024-08-30,ads,Taoyuan,new
1016,2023-11-29,partner,Kaohsiung,new
1017,2023-09-30,partner,Kaohsiung,new
1018,2024-10-08,referral,Taichung,new
1019,2022-12-06,organic,Kaohsiung,new
1020,2024-09-02,ads,Kaohsiung,new
1021,2024-01-14,ads,Tainan,new
1022,2025-01-07,ads,Taichung,new
1023,2025-03-24,ads,Taoyuan,growth
1024,2024-01-29,social,Tainan,new
1025,2023-04-23,partner,Kaohsiung,new
1026,2023-10-28,ads,Taoyuan,new
1027,2023-07-19,social,Taichung,new
1028,2023-10-03,social,Tainan,growth
1029,2023-09-03,referral,Taoyuan,vip
1030,2023-12-30,social,Taipei,growth
1031,2023-06-30,organic,Kaohsiung,vip
1032,2023-12-20,organic,Tainan,new
1033,2025-01-05,social,Kaohsiung,new
1034,2023-08-04,ads,Taipei,growth
1035,2025-08-03,ads,Taichung,new
1036,2024-01-06,ads,Taipei,growth
1037,2025-09-18,social,Taichung,new
1038,2024-04-15,social,Kaohsiung,new
1039,2023-05-14,ads,Kaohsiung,vip
1040,2024-04-06,social,Hsinchu,new
1041,2023-12-08,ads,Taichung,growth
1042,2025-07-16,ads,Tainan,growth
1043,2025-02-25,referral,Kaohsiung,new
1044,2024-06-10,referral,Taipei,new
1045,2024-02-29,organic,Hsinchu,growth
1046,2025-10-23,referral,Hsinchu,new
1047,2024-12-06,ads,Taichung,new
1048,2025-04-11,ads,Taoyuan,new
1049,2023-06-07,ads,Taipei,new
1050,2022-12-19,social,Hsinchu,new
1051,2024-03-10,referral,Taipei,new
1052,2025-10-30,ads,Taipei,vip
1053,2023-06-19,ads,Taoyuan,growth
1054,2024-11-14,ads,Taoyuan,vip
1055,2024-05-13,social,Tainan,new
1056,2024-10-26,social,Tainan,growth
1057,2025-08-09,ads,Tainan,growth
1058,2023-12-13,referral,Taipei,growth
1059,2023-08-24,social,Taipei,new
1060,2023-05-27,partner,Taichung,new
1061,2024-05-02,ads,Taoyuan,vip
1062,2025-10-25,referral,Kaohsiung,new
1063,2023-05-22,referral,Taipei,new
1064,2024-04-26,ads,Kaohsiung,growth
1065,2023-05-28,ads,Taipei,new
1066,2024-12-06,organic,Hsinchu,new
1067,2022-12-03,ads,Tainan,growth
1068,2023-07-03,social,Taipei,new
1069,2025-06-19,referral,Taichung,vip
1070,2023-12-14,ads,Hsinchu,new
1071,2023-02-05,ads,Tainan,growth
1072,2024-04-08,partner,Taichung,new
1073,2023-10-09,partner,Taichung,growth
1074,2023-08-13,organic,Taichung,new
1075,2023-10-19,social,Hsinchu,new
1076,2024-11-24,ads,Kaohsiung,new
1077,2023-02-05,partner,Taoyuan,new
1078,2023-08-31,referral,Taipei,growth
1079,2024-05-19,ads,Taipei,new
1080,2025-06-01,partner,Tainan,new
1081,2024-10-11,social,Kaohsiung,vip
1082,2024-08-09,partner,Tainan,growth
1083,2023-04-23,social,Tainan,new
1084,2024-03-16,social,Hsinchu,new
1085,2025-08-31,ads,Taichung,new
1086,2023-09-24,ads,Taichung,new
1087,2024-06-15,ads,Taoyuan,new
1088,2023-11-22,ads,Taichung,new
1089,2024-02-04,referral,Hsinchu,new
1090,2023-10-27,organic,Tainan,new
1091,2023-04-10,social,Taipei,new
1092,2023-01-25,social,Hsinchu,growth
1093,2025-04-01,ads,Tainan,new
1094,2023-05-24,referral,Taipei,growth
1095,2025-09-18,ads,Tainan,new
1096,2025-01-06,social,Taichung,new
1097,2024-07-09,partner,Taichung,growth
1098,2023-02-07,social,Tainan,new
1099,2023-10-11,organic,Kaohsiung,growth
1100,2025-05-13,social,Kaohsiung,growth
1101,2025-08-06,organic,Kaohsiung,new
1102,2023-01-01,referral,Taichung,new
1103,2025-01-14,ads,Taipei,vip
1104,2025-01-01,ads,Tainan,growth
1105,2025-11-24,ads,Tainan,new
1106,2025-06-15,social,Taoyuan,new
1107,2025-07-02,partner,Kaohsiung,new
1108,2023-10-02,referral,Tainan,new
1109,2023-08-27,referral,Kaohsiung,new
1110,2023-04-06,ads,Kaohsiung,vip
1111,2025-02-16,ads,Taipei,new
1112,2025-08-29,referral,Hsinchu,new
1113,2024-04-19,partner,Taoyuan,growth
1114,2024-09-01,referral,Taichung,growth
1115,2025-05-28,referral,Kaohsiung,new
1116,2023-06-02,ads,Tainan,growth
1117,2024-01-04,social,Tainan,growth
1118,2023-11-03,partner,Hsinchu,new
1119,2025-03-05,referral,Hsinchu,new
1120,2025-03-25,ads,Taipei,new
1121,2023-07-06,ads,Hsinchu,new
1122,2025-05-18,ads,Taoyuan,new
1123,2023-05-18,ads,Hsinchu,new
1124,2024-10-08,social,Taichung,growth
1125,2025-03-01,ads,Hsinchu,growth
1126,2025-07-30,referral,Tainan,new
1127,2023-04-28,organic,Taichung,new
1128,2025-10-29,social,Taipei,growth
1129,2025-09-22,referral,Taipei,new
1130,2024-11-18,social,Taipei,new
1131,2024-08-30,organic,Tainan,new
1132,2024-08-05,ads,Hsinchu,growth
1133,2023-10-16,social,Taichung,growth
1134,2025-11-21,social,Taipei,growth
1135,2024-05-25,social,Taoyuan,growth
1136,2023-07-16,referral,Hsinchu,vip
1137,2025-08-06,social,Kaohsiung,growth
1138,2025-01-28,ads,Kaohsiung,vip
1139,2025-04-28,social,Taipei,new
1140,2025-08-21,ads,Hsinchu,new
1141,2024-03-22,social,Hsinchu,new
1142,2025-09-08,social,Taoyuan,new
1143,2023-08-18,referral,Hsinchu,new
1144,2024-01-18,ads,Taipei,growth
1145,2023-06-08,ads,Kaohsiung,new
1146,2024-04-08,ads,Tainan,growth
1147,2023-10-03,ads,Hsinchu,new
1148,2025-07-12,referral,Kaohsiung,new
1149,2023-03-19,ads,Tainan,growth
1150,2023-03-18,ads,Hsinchu,new
1151,2023-05-06,ads,Tainan,growth
1152,2025-11-21,social,Taoyuan,new
1153,2024-07-12,ads,Kaohsiung,vip
1154,2024-08-09,social,Hsinchu,growth
1155,2024-10-11,referral,Taoyuan,new
1156,2025-08-05,social,Taichung,vip
1157,2023-08-28,social,Kaohsiung,growth
1158,2023-10-07,ads,Taoyuan,vip
1159,2024-04-11,ads,Taipei,new
1160,2024-06-17,ads,Taipei,vip
1161,2025-02-26,referral,Kaohsiung,new
1162,2025-01-10,referral,Taipei,growth
1163,2025-04-07,social,Taipei,new
1164,2023-03-30,social,Tainan,growth
1165,2023-02-25,partner,Hsinchu,new
1166,2025-04-03,social,Hsinchu,new
1167,2025-11-04,referral,Taoyuan,new
1168,2025-07-20,partner,Tainan,new
1169,2024-01-08,organic,Taoyuan,new
1170,2025-09-22,partner,Hsinchu,growth
1171,2025-10-20,social,Kaohsiung,new
1172,2025-10-29,referral,Taoyuan,new
1173,2023-03-21,social,Hsinchu,vip
1174,2025-10-24,social,Taoyuan,growth
1175,2025-08-24,ads,Tainan,growth
1176,2024-01-11,social,Kaohsiung,new
1177,2023-10-14,ads,Tainan,new
1178,2023-08-19,social,Taichung,new
1179,2023-08-16,ads,Taichung,growth
1180,2023-01-29,partner,Taoyuan,growth
1181,2023-04-05,ads,Hsinchu,new
1182,2025-09-27,ads,Taipei,growth
1183,2025-06-30,social,Tainan,growth
1184,2025-01-27,referral,Taichung,new
1185,2023-11-14,ads,Taoyuan,growth
1186,2024-07-02,referral,Kaohsiung,new
1187,2023-01-15,social,Taipei,new
1188,2023-01-27,referral,Taoyuan,growth
1189,2025-08-19,ads,Taipei,growth
1190,2023-11-27,ads,Kaohsiung,new
1191,2024-10-03,referral,Taipei,new
1192,2025-04-15,social,Taipei,growth
1193,2023-03-08,social,Tainan,new
1194,2023-12-29,organic,Taipei,new
1195,2025-06-02,ads,Taipei,vip
1196,2023-12-01,ads,Kaohsiung,new
1197,2024-06-09,social,Taipei,growth
1198,2025-05-11,organic,Kaohsiung,growth
1199,2024-09-28,ads,Tainan,new
1200,2023-09-23,ads,Tainan,growth
1201,2023-06-05,ads,Taoyuan,new
1202,2023-10-02,ads,Tainan,growth
1203,2025-10-07,social,Tainan,new
1204,2023-03-09,ads,Kaohsiung,new
1205,2023-12-24,ads,Tainan,growth
1206,2024-06-28,ads,Taipei,vip
1207,2023-05-23,partner,Taipei,new
1208,2025-02-28,referral,Tainan,new
1209,2024-06-25,referral,Tainan,growth
1210,2023-03-05,social,Kaohsiung,growth
1211,2024-05-25,organic,Tainan,vip
1212,2024-12-10,referral,Kaohsiung,growth
1213,2024-12-11,referral,Taipei,new
1214,2025-08-08,organic,Taichung,growth
1215,2024-06-13,partner,Hsinchu,growth
1216,2025-10-19,ads,Kaohsiung,growth
1217,2023-11-29,ads,Kaohsiung,growth
1218,2025-05-14,partner,Kaohsiung,new
1219,2024-03-06,organic,Taichung,new
1220,2024-02-09,partner,Hsinchu,new
1221,2023-12-16,organic,Taoyuan,growth
1222,2023-08-17,social,Taoyuan,growth
1223,2025-09-14,partner,Taipei,growth
1224,2024-12-17,social,Taoyuan,growth
1225,2025-08-17,ads,Tainan,new
1226,2023-07-15,ads,Tainan,new
1227,2025-06-30,referral,Kaohsiung,new
1228,2025-05-25,ads,Taichung,growth
1229,2024-09-06,partner,Hsinchu,growth
1230,2023-01-21,referral,Kaohsiung,growth
1231,2023-04-02,referral,Taichung,growth
1232,2024-01-07,referral,Kaohsiung,growth
1233,2023-08-20,partner,Taoyuan,new
1234,2022-11-27,referral,Taipei,new
1235,2025-11-25,ads,Tainan,new
1236,2025-08-12,referral,Tainan,new
1237,2024-04-30,ads,Taipei,new
1238,2025-01-08,social,Taoyuan,new
1239,2023-12-08,referral,Taichung,new
1240,2025-02-26,referral,Kaohsiung,new
1241,2025-11-05,referral,Taipei,growth
1242,2025-01-29,social,Hsinchu,new
1243,2023-12-06,ads,Taipei,growth
1244,2024-07-27,referral,Taichung,new
1245,2025-02-14,organic,Taichung,new
1246,2024-02-22,referral,Taipei,new
1247,2024-03-20,social,Tainan,new
1248,2024-08-12,referral,Tainan,vip
1249,2023-03-10,social,Taichung,growth
1250,2023-12-16,referral,Taoyuan,new
1251,2023-06-24,ads,Tainan,new
1252,2025-09-08,ads,Taoyuan,new
1253,2023-10-13,ads,Taichung,vip
1254,2024-05-23,social,Taoyuan,growth
1255,2023-11-15,ads,Kaohsiung,growth
1256,2024-10-22,ads,Tainan,new
1257,2023-12-24,social,Taipei,new
1258,2024-08-30,partner,Taichung,growth
1259,2025-09-26,referral,Taipei,growth
1260,2025-07-26,social,Taichung,new
1261,2023-05-04,social,Taoyuan,new
1262,2025-07-22,ads,Taichung,new
1263,2025-10-16,partner,Taoyuan,vip
1264,2024-11-12,referral,Tainan,growth
1265,2023-07-03,social,Hsinchu,growth
1266,2024-11-19,social,Kaohsiung,new
1267,2025-03-14,organic,Taipei,growth
1268,2025-08-05,social,Hsinchu,new
1269,2024-09-28,ads,Hsinchu,vip
1270,2023-06-09,referral,Hsinchu,growth
1271,2023-05-17,referral,Taipei,growth
1272,2025-09-27,ads,Taoyuan,new
1273,2024-06-12,social,Taoyuan,growth
1274,2025-04-12,social,Kaohsiung,vip
1275,2025-05-03,ads,Taipei,growth
1276,2022-12-26,social,Taichung,growth
1277,2024-08-12,referral,Hsinchu,new
1278,2023-11-10,ads,Kaohsiung,new
1279,2025-06-19,partner,Taoyuan,growth
1280,2023-04-30,organic,Kaohsiung,growth
1281,2025-05-14,organic,Taoyuan,growth
1282,2023-03-03,referral,Taoyuan,new
1283,2023-01-19,social,Hsinchu,new
1284,2023-10-07,organic,Hsinchu,growth
1285,2023-04-29,referral,Taipei,growth
1286,2023-07-31,ads,Taichung,new
1287,2024-06-29,referral,Taichung,new
1288,2025-10-11,social,Taoyuan,new
1289,2025-11-04,partner,Taichung,growth
1290,2022-12-27,social,Taipei,growth
1291,2024-10-20,organic,Taichung,vip
1292,2023-02-20,organic,Tainan,new
1293,2024-12-13,organic,Taipei,new
1294,2023-11-23,social,Hsinchu,growth
1295,2023-10-05,social,Tainan,growth
1296,2025-06-23,referral,Tainan,new
1297,2025-07-03,referral,Taoyuan,new
1298,2023-10-23,referral,Tainan,new
1299,2025-07-12,social,Kaohsiung,growth
1300,2025-05-12,social,Taichung,new
1301,2025-02-17,social,Kaohsiung,growth
1302,2024-11-14,ads,Taichung,growth
1303,2024-11-02,ads,Taipei,new
1304,2024-07-28,organic,Tainan,new
1305,2025-11-13,social,Taoyuan,new
1306,2023-04-01,referral,Kaohsiung,new
1307,2024-05-23,organic,Kaohsiung,new
1308,2024-03-30,ads,Hsinchu,growth
1309,2024-06-28,ads,Tainan,growth
1310,2023-03-05,organic,Taoyuan,new
1311,2024-07-24,social,Kaohsiung,new
1312,2025-07-14,social,Kaohsiung,new
1313,2024-04-14,ads,Hsinchu,new
1314,2024-02-25,social,Taichung,new
1315,2025-09-24,referral,Taipei,vip
1316,2024-01-11,ads,Hsinchu,vip
1317,2024-12-10,ads,Tainan,growth
1318,2024-01-23,ads,Tainan,new
1319,2023-07-16,organic,Hsinchu,new
1320,2024-03-13,partner,Hsinchu,new
1321,2023-01-09,referral,Taipei,new
1322,2025-01-15,ads,Tainan,new
1323,2025-06-29,social,Kaohsiung,new
1324,2025-10-03,referral,Kaohsiung,new
1325,2025-08-09,referral,Hsinchu,new
1326,2024-08-31,partner,Tainan,new
1327,2025-03-07,referral,Kaohsiung,new
1328,2023-04-05,organic,Hsinchu,new
1329,2025-01-16,social,Taichung,new
1330,2024-07-26,ads,Hsinchu,growth
1331,2024-09-15,ads,Taipei,vip
1332,2025-02-22,social,Tainan,vip
1333,2024-03-02,partner,Taipei,new
1334,2025-08-16,social,Tainan,new
1335,2025-08-08,ads,Tainan,vip
1336,2025-05-31,social,Taipei,vip
1337,2025-03-12,social,Kaohsiung,growth
1338,2023-04-12,organic,Kaohsiung,new
1339,2025-08-15,referral,Taoyuan,growth
1340,2023-09-08,ads,Taipei,new
1341,2024-07-18,social,Taichung,growth
1342,2023-05-03,ads,Taichung,new
1343,2024-08-16,ads,Kaohsiung,new
1344,2025-08-21,ads,Taipei,growth
1345,2024-11-11,ads,Kaohsiung,new
1346,2024-09-13,referral,Hsinchu,new
1347,2024-02-23,organic,Taoyuan,growth
1348,2023-04-06,social,Taichung,new
1349,2025-07-28,ads,Taipei,growth
1350,2024-09-13,partner,Hsinchu,new
1351,2022-12-05,partner,Hsinchu,new
1352,2023-05-31,ads,Tainan,vip
1353,2023-09-28,ads,Taichung,growth
1354,2023-10-05,social,Taoyuan,vip
1355,2023-11-30,ads,Taichung,growth
1356,2024-11-01,referral,Kaohsiung,growth
1357,2025-11-09,referral,Kaohsiung,new
1358,2023-06-30,organic,Taipei,new
1359,2023-03-05,ads,Tainan,new
1360,2023-05-20,ads,Taoyuan,growth
1361,2024-02-24,referral,Tainan,vip
1362,2024-03-18,referral,Kaohsiung,new
1363,2022-11-30,ads,Kaohsiung,growth
1364,2024-08-07,ads,Taichung,growth
1365,2024-09-16,ads,Tainan,new
1366,2024-03-24,referral,Taichung,new
1367,2023-10-06,ads,Taichung,new
1368,2025-07-31,partner,Taoyuan,new
1369,2022-12-14,partner,Hsinchu,new
1370,2025-07-26,social,Kaohsiung,new
1371,2025-08-25,partner,Taichung,new
1372,2023-11-23,social,Taichung,growth
1373,2023-07-20,ads,Hsinchu,new
1374,2023-05-30,social,Taoyuan,vip
1375,2025-09-04,referral,Hsinchu,new
1376,2025-07-06,social,Taipei,growth
1377,2024-11-29,social,Tainan,growth
1378,2024-08-26,referral,Taipei,new
1379,2025-01-26,ads,Tainan,growth
1380,2025-08-30,partner,Tainan,new
1381,2023-06-06,referral,Taoyuan,new
1382,2025-02-04,ads,Taoyuan,growth
1383,2025-01-16,partner,Tainan,new
1384,2025-11-03,referral,Taichung,growth
1385,2023-09-05,social,Taipei,vip
1386,2023-10-10,referral,Kaohsiung,new
1387,2025-04-25,ads,Taichung,new
1388,2024-03-19,ads,Kaohsiung,growth
1389,2023-11-23,organic,Tainan,new
1390,2024-12-20,ads,Taichung,growth
1391,2024-12-20,ads,Taipei,growth
1392,2024-05-29,social,Taoyuan,new
1393,2023-05-09,social,Taoyuan,growth
1394,2024-04-05,ads,Taichung,growth
1395,2023-03-31,ads,Taoyuan,vip
1396,2025-11-07,organic,Hsinchu,new
1397,2024-07-30,referral,Hsinchu,growth
1398,2025-08-15,ads,Tainan,new
1399,2023-04-05,social,Tainan,new
1400,2023-09-30,social,Kaohsiung,new
1401,2024-02-20,ads,Tainan,vip
1402,2023-03-20,ads,Taoyuan,growth
1403,2023-06-07,social,Taipei,new
1404,2024-07-17,referral,Hsinchu,new
1405,2024-07-28,social,Taoyuan,growth
1406,2024-02-11,organic,Taipei,new
1407,2025-02-19,ads,Hsinchu,new
1408,2024-05-08,partner,Kaohsiung,new
1409,2025-07-26,social,Taoyuan,growth
1410,2022-12-17,partner,Taichung,growth
1411,2023-05-31,social,Kaohsiung,new
1412,2025-06-27,social,Tainan,new
1413,2023-04-05,social,Tainan,new
1414,2023-09-26,social,Tainan,new
1415,2023-03-15,referral,Hsinchu,new
1416,2023-06-29,partner,Taipei,growth
1417,2023-04-29,organic,Taichung,new
1418,2023-04-04,referral,Tainan,new
1419,2023-02-08,social,Taipei,new
1420,2024-10-31,ads,Taipei,growth
1421,2024-09-20,social,Taichung,new
1422,2024-05-30,referral,Taichung,growth
1423,2025-07-06,ads,Kaohsiung,vip
1424,2025-02-24,social,Tainan,growth
1425,2024-10-04,organic,Taichung,new
1426,2023-09-12,social,Hsinchu,new
1427,2024-01-28,referral,Hsinchu,new
1428,2024-09-12,social,Taichung,new
1429,2025-07-05,ads,Tainan,new
1430,2024-07-22,ads,Taoyuan,new
1431,2022-11-27,referral,Taipei,new
1432,2025-01-25,referral,Tainan,growth
1433,2023-02-28,ads,Taoyuan,vip
1434,2023-10-31,ads,Hsinchu,new
1435,2025-04-17,social,Taoyuan,new
1436,2025-12-01,organic,Taichung,new
1437,2023-05-26,organic,Hsinchu,new
1438,2024-07-24,referral,Taichung,new
1439,2025-04-16,ads,Taipei,new
1440,2025-07-26,social,Tainan,growth
1441,2025-09-11,ads,Kaohsiung,vip
1442,2023-12-25,organic,Taoyuan,growth
1443,2025-09-06,ads,Taoyuan,vip
1444,2024-09-21,referral,Hsinchu,new
1445,2024-03-04,referral,Taoyuan,new
1446,2023-02-22,social,Tainan,growth
1447,2023-06-13,social,Taoyuan,growth
1448,2023-05-20,ads,Taipei,new
1449,2024-06-30,organic,Hsinchu,growth
1450,2024-12-27,social,Kaohsiung,vip
1451,2024-04-16,ads,Tainan,growth
1452,2023-09-17,ads,Taoyuan,growth
1453,2022-12-10,organic,Taipei,growth
1454,2024-08-28,referral,Hsinchu,new
1455,2024-05-30,referral,Taoyuan,new
1456,2024-01-01,social,Tainan,vip
1457,2022-12-29,organic,Kaohsiung,vip
1458,2025-07-09,partner,Kaohsiung,new
1459,2023-11-12,ads,Taipei,growth
1460,2023-05-02,ads,Taichung,growth
1461,2025-05-11,organic,Taipei,growth
1462,2024-04-18,ads,Kaohsiung,new
1463,2023-02-27,organic,Taoyuan,new
1464,2025-04-22,social,Hsinchu,new
1465,2024-11-12,social,Kaohsiung,new
1466,2025-04-27,organic,Tainan,new
1467,2023-10-12,referral,Hsinchu,new
1468,2024-05-17,ads,Taipei,vip
1469,2022-11-27,organic,Taipei,new
1470,2024-08-31,ads,Taoyuan,new
1471,2024-11-29,referral,Tainan,growth
1472,2025-10-09,social,Taoyuan,new
1473,2024-08-15,social,Tainan,new
1474,2024-02-03,referral,Taoyuan,new
1475,2025-05-03,ads,Tainan,new
1476,2025-11-01,partner,Tainan,growth
1477,2025-04-28,partner,Taoyuan,growth
1478,2023-05-27,organic,Taoyuan,new
1479,2024-08-28,ads,Taoyuan,vip
1480,2023-06-02,ads,Taoyuan,new
1481,2025-04-07,partner,Tainan,new
1482,2025-05-12,ads,Tainan,growth
1483,2024-08-18,referral,Taichung,new
1484,2023-03-13,referral,Tainan,growth
1485,2024-04-23,social,Tainan,growth
1486,2025-05-09,social,Taoyuan,growth
1487,2024-08-29,referral,Hsinchu,new
1488,2024-08-04,ads,Taipei,growth
1489,2023-09-20,organic,Taichung,growth
1490,2024-06-11,organic,Hsinchu,new
1491,2023-12-10,ads,Taoyuan,new
1492,2024-04-17,social,Taichung,vip
1493,2024-01-18,partner,Kaohsiung,vip
1494,2024-10-10,social,Kaohsiung,new
1495,2023-09-03,organic,Taipei,new
1496,2025-10-17,social,Hsinchu,new
1497,2024-02-10,organic,Tainan,new
1498,2024-04-29,ads,Tainan,new
1499,2023-07-18,referral,Tainan,new
1500,2023-12-18,referral,Taipei,new
1501,2024-10-17,social,Tainan,new
1502,2024-11-12,ads,Taipei,growth
1503,2025-04-29,social,Kaohsiung,new
1504,2025-01-06,ads,Tainan,new
1505,2023-01-02,referral,Kaohsiung,growth
1506,2023-10-12,ads,Kaohsiung,growth
1507,2023-05-23,ads,Hsinchu,new
1508,2023-04-27,partner,Tainan,growth
1509,2023-02-06,ads,Kaohsiung,vip
1510,2024-08-17,social,Hsinchu,new
1511,2024-05-24,ads,Hsinchu,vip
1512,2024-01-25,referral,Taichung,new
1513,2023-03-22,partner,Taoyuan,new
1514,2024-11-15,referral,Taipei,new
1515,2024-07-24,referral,Hsinchu,growth
1516,2023-02-23,social,Hsinchu,growth
1517,2024-02-22,social,Taipei,growth
1518,2024-12-09,ads,Hsinchu,vip
1519,2024-05-30,organic,Hsinchu,new
1520,2022-12-05,ads,Taipei,new
1521,2024-12-22,social,Taoyuan,new
1522,2023-04-20,social,Tainan,growth
1523,2024-07-25,organic,Taipei,growth
1524,2023-05-02,ads,Tainan,new
1525,2023-07-02,referral,Taichung,growth
1526,2025-01-19,ads,Taichung,new
1527,2022-12-24,social,Taoyuan,growth
1528,2024-09-03,social,Taipei,new
1529,2024-09-20,referral,Hsinchu,growth
1530,2025-03-05,ads,Taipei,new
1531,2025-10-11,social,Taipei,new
1532,2025-03-11,referral,Kaohsiung,new
1533,2024-03-25,partner,Taipei,new
1534,2025-07-03,ads,Taoyuan,growth
1535,2025-11-08,ads,Taichung,new
1536,2024-09-08,ads,Taipei,new
1537,2023-03-09,organic,Taipei,new
1538,2023-02-23,referral,Kaohsiung,new
1539,2024-09-06,social,Taoyuan,new
1540,2024-07-10,referral,Taipei,new
1541,2024-12-17,social,Kaohsiung,growth
1542,2023-12-08,referral,Taichung,vip
1543,2024-06-09,referral,Taoyuan,vip
1544,2024-08-28,referral,Tainan,new
1545,2024-03-17,ads,Kaohsiung,new
1546,2023-09-17,referral,Kaohsiung,new
1547,2023-03-14,ads,Kaohsiung,new
1548,2025-06-21,organic,Taipei,new
1549,2023-11-30,social,Kaohsiung,new
1550,2023-05-19,referral,Taoyuan,new
1551,2025-04-09,ads,Taoyuan,growth
1552,2025-04-02,ads,Taoyuan,growth
1553,2025-05-13,referral,Hsinchu,new
1554,2025-10-05,referral,Taipei,new
1555,2024-04-03,referral,Taipei,new
1556,2025-11-22,ads,Taichung,new
1557,2023-09-13,organic,Taichung,new
1558,2025-09-29,referral,Hsinchu,new
1559,2023-07-28,organic,Hsinchu,new
1560,2023-03-18,referral,Tainan,growth
1561,2024-03-31,organic,Tainan,vip
1562,2023-01-30,ads,Kaohsiung,new
1563,2024-11-05,organic,Taichung,new
1564,2025-10-04,partner,Tainan,new
1565,2023-06-29,ads,Kaohsiung,new
1566,2025-01-07,ads,Taipei,new
1567,2025-01-09,partner,Taipei,new
1568,2025-08-21,social,Kaohsiung,new
1569,2024-03-02,ads,Kaohsiung,new
1570,2025-03-24,ads,Taoyuan,new
1571,2024-05-18,organic,Hsinchu,new
1572,2023-02-22,ads,Taichung,growth
1573,2024-04-23,social,Taoyuan,new
1574,2022-12-29,ads,Kaohsiung,new
1575,2023-12-03,referral,Taichung,growth
1576,2023-06-04,referral,Tainan,growth
1577,2023-02-15,referral,Taoyuan,new
1578,2023-04-22,partner,Taipei,growth
1579,2023-10-06,ads,Taichung,new
1580,2023-06-30,social,Tainan,new
1581,2023-06-17,social,Taipei,new
1582,2024-04-20,organic,Hsinchu,growth
1583,2025-05-04,partner,Tainan,new
1584,2024-10-09,referral,Taipei,new
1585,2025-05-28,social,Taipei,new
1586,2025-04-05,social,Hsinchu,new
1587,2025-04-21,organic,Taoyuan,new
1588,2022-12-02,social,Taichung,new
1589,2022-12-08,social,Hsinchu,new
1590,2024-02-07,social,Hsinchu,new
1591,2023-03-25,social,Hsinchu,growth
1592,2025-06-03,ads,Taichung,growth
1593,2024-06-09,referral,Taipei,new
1594,2025-07-23,ads,Hsinchu,new
1595,2023-01-23,referral,Hsinchu,new
1596,2023-08-23,partner,Taichung,vip
1597,2025-04-05,ads,Taichung,new
1598,2025-11-12,organic,Taoyuan,growth
1599,2024-05-14,ads,Taichung,new
1600,2025-01-17,social,Taipei,new
1601,2025-03-21,social,Taoyuan,new
1602,2024-11-08,social,Kaohsiung,new
1603,2023-06-14,ads,Tainan,growth
1604,2023-01-25,social,Taoyuan,vip
1605,2023-10-31,social,Kaohsiung,new
1606,2024-10-15,partner,Hsinchu,new
1607,2024-01-31,social,Tainan,growth
1608,2023-06-26,referral,Hsinchu,new
1609,2024-09-10,referral,Taoyuan,growth
1610,2023-04-27,referral,Taoyuan,new
1611,2025-04-19,ads,Kaohsiung,new
1612,2024-01-25,social,Taoyuan,new
1613,2025-08-21,referral,Taipei,new
1614,2025-02-02,ads,Taoyuan,growth
1615,2023-03-28,ads,Tainan,growth
1616,2023-07-24,organic,Taichung,new
1617,2025-03-31,referral,Hsinchu,new
1618,2023-04-01,ads,Taichung,new
1619,2024-09-02,organic,Kaohsiung,new
1620,2025-08-15,partner,Taipei,new
1621,2024-01-27,social,Taoyuan,new
1622,2023-11-13,referral,Taipei,vip
1623,2024-04-25,social,Taipei,new
1624,2024-08-20,referral,Kaohsiung,new
1625,2025-02-01,social,Kaohsiung,new
1626,2023-06-18,ads,Taichung,new
1627,2024-10-04,ads,Taoyuan,new
1628,2024-01-11,ads,Taipei,new
1629,2025-10-17,social,Taichung,new
1630,2023-08-31,ads,Taichung,growth
1631,2023-12-26,organic,Hsinchu,vip
1632,2024-02-12,ads,Taoyuan,growth
1633,2024-01-23,ads,Taoyuan,new
1634,2022-12-04,social,Taichung,new
1635,2023-04-19,partner,Tainan,new
1636,2025-03-14,social,Kaohsiung,growth
1637,2023-05-11,social,Hsinchu,vip
1638,2023-03-03,social,Kaohsiung,growth
1639,2024-03-13,organic,Hsinchu,growth
1640,2023-08-03,ads,Taichung,vip
1641,2024-06-27,partner,Taichung,new
1642,2025-04-10,ads,Hsinchu,growth
1643,2023-12-10,ads,Taichung,new
1644,2024-01-13,referral,Taichung,growth
1645,2024-04-07,partner,Taichung,new
1646,2023-11-07,social,Taipei,growth
1647,2024-01-02,ads,Hsinchu,new
1648,2025-08-28,ads,Kaohsiung,new
1649,2025-01-15,organic,Taipei,growth
1650,2024-10-24,ads,Taichung,growth
1651,2025-09-02,social,Taichung,growth
1652,2024-02-14,organic,Taipei,growth
1653,2024-07-22,social,Taoyuan,new
1654,2025-11-16,ads,Kaohsiung,growth
1655,2022-11-30,social,Hsinchu,growth
1656,2024-07-14,referral,Taoyuan,new
1657,2022-12-26,ads,Taipei,growth
1658,2024-03-01,social,Taoyuan,growth
1659,2024-10-21,social,Taoyuan,new
1660,2025-09-19,ads,Taoyuan,growth
1661,2023-07-25,referral,Hsinchu,new
1662,2025-04-13,ads,Taoyuan,growth
1663,2024-10-05,organic,Taipei,new
1664,2023-09-03,social,Taichung,growth
1665,2025-09-21,ads,Taipei,new
1666,2025-01-29,social,Taichung,new
1667,2023-03-19,organic,Taichung,new
1668,2025-05-18,ads,Tainan,new
1669,2023-09-19,ads,Kaohsiung,new
1670,2023-12-14,referral,Taichung,growth
1671,2025-09-15,social,Tainan,new
1672,2023-05-19,partner,Taoyuan,new
1673,2024-07-06,ads,Taoyuan,growth
1674,2025-08-10,ads,Taichung,growth
1675,2024-09-03,social,Taichung,new
1676,2023-03-27,social,Tainan,new
1677,2024-10-02,referral,Tainan,new
1678,2024-10-21,social,Taipei,new
1679,2023-06-25,ads,Taipei,new
1680,2024-12-05,partner,Hsinchu,new
1681,2022-12-19,ads,Tainan,new
1682,2025-11-01,ads,Taichung,new
1683,2024-07-25,social,Hsinchu,growth
1684,2024-04-14,social,Hsinchu,new
1685,2023-12-10,ads,Tainan,new
1686,2024-12-25,referral,Taichung,new
1687,2024-04-25,referral,Tainan,growth
1688,2023-12-10,referral,Kaohsiung,new
1689,2023-09-17,ads,Kaohsiung,new
1690,2023-09-29,ads,Kaohsiung,new
1691,2023-10-22,referral,Taipei,new
1692,2025-07-28,ads,Taoyuan,new
1693,2023-08-06,social,Taichung,growth
1694,2024-05-20,ads,Kaohsiung,new
1695,2024-01-30,ads,Kaohsiung,growth
1696,2022-12-11,social,Tainan,new
1697,2024-04-07,ads,Tainan,new
1698,2025-02-11,social,Hsinchu,growth
1699,2023-07-24,social,Taipei,new
1700,2025-07-23,ads,Hsinchu,new
1701,2024-03-23,ads,Taoyuan,new
1702,2024-03-18,referral,Taipei,new
1703,2023-08-17,referral,Kaohsiung,new
1704,2024-02-09,social,Taichung,growth
1705,2025-08-08,referral,Taoyuan,new
1706,2023-02-07,social,Kaohsiung,growth
1707,2025-02-10,social,Kaohsiung,growth
1708,2025-02-09,referral,Taoyuan,vip
1709,2023-09-24,social,Taipei,new
1710,2025-09-14,ads,Taoyuan,new
1711,2025-08-18,referral,Kaohsiung,growth
1712,2023-11-15,ads,Hsinchu,new
1713,2023-10-12,ads,Taipei,new
1714,2024-09-13,ads,Kaohsiung,new
1715,2023-05-08,ads,Taipei,vip
1716,2023-02-11,referral,Hsinchu,new
1717,2024-08-12,ads,Taichung,new
1718,2025-07-30,ads,Tainan,new
1719,2025-03-09,ads,Kaohsiung,new
1720,2025-02-14,ads,Taipei,new
1721,2023-10-01,organic,Tainan,new
1722,2025-11-02,partner,Taichung,growth
1723,2023-06-14,referral,Taipei,new
1724,2023-01-28,referral,Hsinchu,new
1725,2023-08-12,social,Kaohsiung,vip
1726,2025-01-03,referral,Tainan,growth
1727,2023-03-20,ads,Tainan,new
1728,2024-09-03,ads,Taipei,growth
1729,2023-10-02,social,Kaohsiung,growth
1730,2025-05-02,social,Taichung,growth
1731,2024-07-15,referral,Kaohsiung,new
1732,2025-09-08,ads,Kaohsiung,growth
1733,2023-06-23,referral,Kaohsiung,new
1734,2025-01-19,ads,Taipei,new
1735,2024-01-27,referral,Taoyuan,new
1736,2023-06-27,ads,Tainan,new
1737,2022-12-30,organic,Hsinchu,growth
1738,2025-06-07,referral,Taoyuan,new
1739,2023-01-11,referral,Taichung,new
1740,2025-01-23,social,Tainan,new
1741,2023-08-22,social,Tainan,growth
1742,2025-04-20,social,Taipei,new
1743,2023-03-25,partner,Taichung,new
1744,2024-11-18,ads,Taoyuan,growth
1745,2025-08-08,partner,Taoyuan,new
1746,2025-01-05,ads,Tainan,new
1747,2025-08-16,referral,Tainan,vip
1748,2025-06-05,ads,Taoyuan,growth
1749,2024-10-17,referral,Hsinchu,growth
1750,2023-02-07,ads,Taichung,vip
1751,2023-04-14,ads,Taoyuan,vip
1752,2025-01-05,organic,Taichung,new
1753,2023-05-19,ads,Taipei,new
1754,2025-10-09,ads,Taoyuan,vip
1755,2024-01-25,social,Taipei,new
1756,2022-12-07,ads,Kaohsiung,growth
1757,2025-01-02,referral,Tainan,new
1758,2024-02-15,social,Kaohsiung,growth
1759,2023-09-14,ads,Taipei,new
1760,2024-05-20,social,Taipei,new
1761,2024-10-08,ads,Tainan,new
1762,2024-08-24,ads,Taoyuan,growth
1763,2024-10-17,social,Hsinchu,new
1764,2024-08-08,ads,Kaohsiung,new
1765,2025-07-16,referral,Taichung,growth
1766,2023-08-27,partner,Taoyuan,growth
1767,2023-05-13,ads,Taipei,new
1768,2023-09-28,social,Kaohsiung,new
1769,2024-10-01,ads,Taoyuan,new
1770,2025-08-26,referral,Taoyuan,new
1771,2023-12-29,ads,Kaohsiung,new
1772,2023-12-07,ads,Tainan,new
1773,2025-05-04,social,Tainan,vip
1774,2023-03-14,referral,Kaohsiung,new
1775,2025-08-24,referral,Tainan,new
1776,2024-05-13,organic,Taoyuan,growth
1777,2024-05-17,ads,Taipei,new
1778,2025-09-06,social,Kaohsiung,growth
1779,2025-01-29,referral,Taipei,new
1780,2024-06-06,organic,Taoyuan,new
1781,2023-10-16,social,Kaohsiung,new
1782,2024-08-05,social,Taoyuan,new
1783,2025-04-20,social,Tainan,new
1784,2023-05-14,ads,Taoyuan,new
1785,2025-06-17,social,Taoyuan,new
1786,2024-02-18,ads,Hsinchu,vip
1787,2023-01-18,ads,Kaohsiung,new
1788,2023-02-03,partner,Kaohsiung,new
1789,2023-09-29,organic,Tainan,new
1790,2025-09-29,ads,Taoyuan,growth
1791,2023-11-21,referral,Hsinchu,new
1792,2025-09-10,partner,Hsinchu,growth
1793,2024-07-31,referral,Tainan,new
1794,2025-01-30,ads,Taipei,new
1795,2024-12-02,referral,Tainan,growth
1796,2024-05-31,referral,Taichung,new
1797,2024-01-11,ads,Taichung,growth
1798,2025-11-23,social,Taoyuan,growth
1799,2024-10-26,social,Hsinchu,new
1800,2023-05-22,partner,Kaohsiung,new
1801,2024-05-28,referral,Tainan,new
1802,2023-02-13,ads,Kaohsiung,new
1803,2024-08-04,ads,Taipei,new
1804,2023-06-16,social,Taoyuan,new
1805,2024-09-15,ads,Tainan,new
1806,2025-07-25,social,Hsinchu,new
1807,2023-07-29,social,Tainan,growth
1808,2022-12-26,social,Taichung,new
1809,2023-09-02,referral,Tainan,growth
1810,2023-09-22,social,Kaohsiung,new
1811,2023-06-18,social,Taipei,new
1812,2024-06-21,ads,Tainan,growth
1813,2023-06-28,ads,Taichung,growth
1814,2023-07-14,partner,Taichung,new
1815,2023-05-23,ads,Taipei,growth
1816,2024-05-10,referral,Hsinchu,growth
1817,2025-02-07,social,Tainan,growth
1818,2023-06-24,social,Hsinchu,new
1819,2024-10-15,social,Taichung,growth
1820,2023-04-11,social,Kaohsiung,growth
1821,2024-02-05,social,Hsinchu,new
1822,2024-01-25,ads,Hsinchu,new
1823,2023-02-13,ads,Taichung,growth
1824,2024-08-02,social,Hsinchu,new
1825,2025-04-06,referral,Hsinchu,growth
1826,2024-05-27,social,Taipei,new
1827,2024-02-21,referral,Hsinchu,vip
1828,2025-06-17,organic,Taipei,growth
1829,2025-08-08,ads,Taichung,new
1830,2024-07-25,social,Taichung,new
1831,2023-01-27,social,Taoyuan,new
1832,2024-09-05,partner,Taichung,growth
1833,2025-06-29,referral,Kaohsiung,new
1834,2024-12-22,social,Kaohsiung,new
1835,2023-09-02,organic,Taipei,new
1836,2025-03-05,ads,Taipei,new
1837,2023-03-12,social,Taoyuan,new
1838,2024-02-24,ads,Kaohsiung,new
1839,2023-09-04,social,Hsinchu,new
1840,2024-07-05,ads,Hsinchu,new
1841,2023-04-06,social,Taoyuan,new
1842,2024-01-03,partner,Hsinchu,new
1843,2025-03-31,organic,Taoyuan,new
1844,2024-10-03,ads,Taichung,new
1845,2024-09-30,social,Kaohsiung,new
1846,2022-12-23,social,Kaohsiung,growth
1847,2025-03-22,ads,Hsinchu,growth
1848,2025-05-14,referral,Kaohsiung,growth
1849,2024-11-05,ads,Tainan,new
1850,2023-07-10,social,Taipei,growth
1851,2024-08-10,organic,Kaohsiung,new
1852,2025-08-19,referral,Tainan,new
1853,2024-05-01,ads,Taipei,new
1854,2022-12-16,organic,Hsinchu,new
1855,2024-06-12,referral,Taichung,new
1856,2023-05-15,partner,Taichung,new
1857,2025-06-25,social,Taichung,vip
1858,2024-09-02,social,Hsinchu,vip
1859,2025-09-03,organic,Kaohsiung,new
1860,2025-10-04,ads,Kaohsiung,new
1861,2024-03-29,social,Taoyuan,new
1862,2024-08-02,ads,Taipei,new
1863,2024-01-29,ads,Taipei,new
1864,2025-03-11,ads,Taichung,new
1865,2024-06-06,organic,Tainan,growth
1866,2024-02-26,social,Tainan,new
1867,2025-08-14,social,Taoyuan,new
1868,2023-11-02,referral,Taoyuan,new
1869,2025-04-07,social,Taichung,growth
1870,2023-05-23,referral,Tainan,growth
1871,2025-02-08,ads,Kaohsiung,vip
1872,2025-02-14,social,Tainan,new
1873,2024-12-27,ads,Taichung,new
1874,2025-06-12,ads,Taichung,new
1875,2023-03-29,social,Taichung,growth
1876,2023-08-06,ads,Taichung,growth
1877,2025-08-06,referral,Taipei,new
1878,2024-08-01,referral,Taoyuan,new
1879,2023-07-20,ads,Taipei,new
1880,2023-01-15,ads,Kaohsiung,growth
1881,2023-08-28,ads,Taipei,growth
1882,2025-10-13,ads,Taipei,new
1883,2023-07-02,partner,Kaohsiung,new
1884,2024-03-27,ads,Taichung,new
1885,2025-06-10,social,Taichung,growth
1886,2025-04-06,ads,Tainan,new
1887,2023-04-27,social,Taipei,growth
1888,2025-06-23,referral,Kaohsiung,new
1889,2022-12-20,ads,Hsinchu,new
1890,2022-12-08,referral,Kaohsiung,new
1891,2023-11-20,partner,Taoyuan,vip
1892,2024-07-15,social,Taipei,new
1893,2024-04-09,ads,Tainan,growth
1894,2025-10-17,ads,Taoyuan,growth
1895,2025-03-08,social,Kaohsiung,new
1896,2024-09-27,social,Taichung,new
1897,2023-08-26,ads,Kaohsiung,new
1898,2025-05-29,referral,Tainan,vip
1899,2025-01-28,ads,Tainan,new
1900,2023-07-24,organic,Tainan,new
1901,2024-09-03,ads,Taichung,vip
1902,2023-02-02,ads,Tainan,new
1903,2024-09-07,social,Kaohsiung,new
1904,2024-06-08,ads,Taoyuan,new
1905,2025-11-13,social,Kaohsiung,growth
1906,2024-09-08,ads,Tainan,new
1907,2024-12-04,ads,Taoyuan,new
1908,2025-06-15,referral,Hsinchu,growth
1909,2024-10-02,partner,Tainan,new
1910,2024-07-24,ads,Kaohsiung,new
1911,2023-03-04,partner,Taipei,new
1912,2024-05-26,ads,Taichung,new
1913,2023-11-10,ads,Taichung,growth
1914,2023-10-17,partner,Hsinchu,new
1915,2022-12-21,referral,Tainan,growth
1916,2025-08-14,social,Kaohsiung,new
1917,2025-03-06,ads,Taipei,growth
1918,2025-08-13,ads,Taichung,growth
1919,2024-06-24,social,Taichung,growth
1920,2025-04-26,ads,Taichung,new
1921,2024-04-28,ads,Taipei,growth
1922,2023-03-11,social,Tainan,new
1923,2024-05-08,ads,Taoyuan,new
1924,2023-04-11,referral,Taichung,new
1925,2024-07-04,ads,Taipei,growth
1926,2025-09-16,social,Kaohsiung,new
1927,2025-05-04,ads,Taoyuan,new
1928,2025-01-04,partner,Tainan,new
1929,2024-10-15,ads,Hsinchu,growth
1930,2024-12-05,referral,Tainan,new
1931,2024-02-04,ads,Taoyuan,growth
1932,2023-04-17,ads,Taichung,new
1933,2022-12-25,ads,Kaohsiung,new
1934,2024-05-02,social,Hsinchu,growth
1935,2025-01-17,referral,Tainan,new
1936,2024-04-17,ads,Taoyuan,new
1937,2023-05-22,social,Kaohsiung,growth
1938,2025-10-28,social,Taoyuan,new
1939,2024-11-22,organic,Taipei,growth
1940,2025-11-07,partner,Taichung,vip
1941,2024-04-20,ads,Tainan,new
1942,2025-01-21,referral,Kaohsiung,vip
1943,2025-01-26,partner,Taoyuan,vip
1944,2023-10-11,referral,Hsinchu,growth
1945,2023-11-16,ads,Kaohsiung,new
1946,2025-10-28,social,Tainan,new
1947,2023-05-08,organic,Kaohsiung,growth
1948,2024-10-14,ads,Taichung,new
1949,2024-07-16,ads,Tainan,vip
1950,2022-12-29,referral,Tainan,growth
1951,2024-01-03,ads,Tainan,growth
1952,2023-12-14,referral,Taipei,new
1953,2023-05-29,social,Hsinchu,growth
1954,2025-10-20,social,Taipei,new
1955,2024-06-02,ads,Taoyuan,growth
1956,2023-10-03,ads,Taipei,vip
1957,2025-02-15,social,Tainan,growth
1958,2025-08-26,referral,Hsinchu,new
1959,2025-11-29,partner,Tainan,vip
1960,2025-11-06,ads,Kaohsiung,new
1961,2024-03-28,ads,Taipei,growth
1962,2023-09-10,ads,Taoyuan,growth
1963,2023-05-03,organic,Taichung,new
1964,2022-11-27,organic,Tainan,new
1965,2025-07-17,social,Taoyuan,new
1966,2023-10-18,ads,Taichung,new
1967,2023-12-11,social,Kaohsiung,new
1968,2025-07-25,social,Taichung,new
1969,2024-03-07,social,Taoyuan,new
1970,2023-05-12,ads,Hsinchu,new
1971,2024-04-11,partner,Taoyuan,growth
1972,2024-09-25,ads,Hsinchu,vip
1973,2023-01-05,ads,Taoyuan,growth
1974,2024-07-25,ads,Taipei,new
1975,2024-05-24,referral,Kaohsiung,growth
1976,2023-10-25,ads,Kaohsiung,new
1977,2023-01-30,organic,Taoyuan,new
1978,2023-04-10,organic,Tainan,new
1979,2025-02-13,ads,Tainan,growth
1980,2025-04-09,social,Hsinchu,growth
1981,2024-06-12,social,Hsinchu,new
1982,2023-02-07,referral,Taoyuan,new
1983,2023-10-09,social,Taichung,new
1984,2024-09-21,organic,Kaohsiung,vip
1985,2023-12-25,social,Hsinchu,growth
1986,2025-03-18,referral,Taichung,new
1987,2024-12-01,social,Kaohsiung,new
1988,2023-05-13,social,Tainan,new
1989,2023-03-10,referral,Taipei,new
1990,2023-10-08,ads,Taichung,growth
1991,2023-07-13,referral,Taichung,new
1992,2023-07-11,organic,Tainan,growth
1993,2023-08-01,ads,Taichung,growth
1994,2024-02-10,ads,Taipei,growth
1995,2023-02-28,social,Taipei,growth
1996,2025-01-15,social,Hsinchu,new
1997,2024-04-05,referral,Hsinchu,new
1998,2023-02-21,partner,Taoyuan,new
1999,2023-12-26,social,Hsinchu,growth
2000,2023-04-04,partner,Hsinchu,new
2001,2024-10-28,referral,Hsinchu,growth
2002,2024-04-30,referral,Taoyuan,vip
2003,2024-02-22,ads,Taoyuan,new
2004,2023-07-27,referral,Tainan,new
2005,2024-11-25,referral,Taoyuan,vip
2006,2022-11-29,social,Taoyuan,growth
2007,2025-11-09,organic,Taoyuan,growth
2008,2023-06-19,partner,Tainan,new
2009,2024-05-31,social,Tainan,vip
2010,2023-04-25,referral,Taichung,new
2011,2024-12-22,ads,Taipei,growth
2012,2023-04-30,ads,Hsinchu,growth
2013,2024-04-21,ads,Tainan,growth
2014,2024-02-17,ads,Taipei,new
2015,2025-02-20,referral,Taipei,new
2016,2023-10-06,organic,Hsinchu,growth
2017,2023-01-15,ads,Kaohsiung,new
2018,2023-12-13,ads,Tainan,new
2019,2025-09-20,ads,Taipei,new
2020,2024-12-23,referral,Kaohsiung,new
2021,2025-05-27,organic,Kaohsiung,growth
2022,2025-05-06,referral,Hsinchu,new
2023,2023-12-19,referral,Hsinchu,growth
2024,2025-06-19,social,Taichung,new
2025,2025-06-06,partner,Taoyuan,growth
2026,2024-07-10,referral,Taipei,growth
2027,2022-12-20,social,Tainan,new
2028,2023-05-05,referral,Taipei,new
2029,2023-08-20,social,Taichung,new
2030,2023-11-07,referral,Taichung,growth
2031,2023-06-10,referral,Tainan,new
2032,2025-04-25,social,Hsinchu,vip
2033,2023-09-01,ads,Taichung,growth
2034,2024-08-11,organic,Kaohsiung,new
2035,2025-07-02,social,Taoyuan,new
2036,2023-03-04,ads,Kaohsiung,growth
2037,2024-08-05,partner,Hsinchu,growth
2038,2024-07-11,social,Hsinchu,new
2039,2023-10-22,partner,Hsinchu,new
2040,2023-12-26,referral,Taichung,new
2041,2024-10-12,ads,Taipei,growth
2042,2024-12-21,social,Hsinchu,growth
2043,2023-12-30,ads,Kaohsiung,new
2044,2025-08-29,social,Taichung,growth
2045,2024-11-30,ads,Kaohsiung,new
2046,2025-09-11,ads,Taipei,new
2047,2024-03-27,referral,Hsinchu,new
2048,2025-05-21,ads,Taipei,growth
2049,2024-11-23,partner,Taoyuan,growth
2050,2025-08-16,referral,Tainan,vip
2051,2023-08-24,organic,Hsinchu,new
2052,2023-07-19,ads,Kaohsiung,new
2053,2025-11-11,referral,Taichung,growth
2054,2023-01-01,referral,Hsinchu,new
2055,2023-10-28,referral,Hsinchu,new
2056,2024-12-01,partner,Kaohsiung,growth
2057,2024-06-18,social,Hsinchu,new
2058,2023-11-19,ads,Kaohsiung,new
2059,2024-01-18,organic,Taoyuan,growth
2060,2023-07-11,ads,Taichung,new
2061,2023-05-16,partner,Taichung,new
2062,2024-11-03,partner,Taoyuan,new
2063,2023-12-06,referral,Taoyuan,growth
2064,2024-06-22,ads,Taichung,new
2065,2024-04-07,organic,Hsinchu,growth
2066,2024-08-04,social,Taichung,growth
2067,2024-10-12,organic,Tainan,growth
2068,2023-05-17,social,Taoyuan,growth
2069,2023-09-25,organic,Hsinchu,new
2070,2025-08-18,partner,Taipei,new
2071,2023-08-13,ads,Tainan,growth
2072,2025-11-03,partner,Taipei,new
2073,2023-11-06,social,Taipei,growth
2074,2023-10-15,social,Kaohsiung,new
2075,2024-09-13,ads,Taipei,vip
2076,2025-05-21,partner,Taichung,vip
2077,2023-07-26,social,Taichung,vip
2078,2023-07-21,ads,Taoyuan,growth
2079,2025-10-27,referral,Taichung,growth
2080,2023-03-04,organic,Taoyuan,new
2081,2022-11-29,referral,Kaohsiung,new
2082,2023-07-15,organic,Kaohsiung,new
2083,2023-09-14,ads,Hsinchu,new
2084,2025-01-18,referral,Taoyuan,new
2085,2024-06-07,social,Taoyuan,vip
2086,2024-12-10,ads,Taipei,new
2087,2025-11-25,ads,Taichung,growth
2088,2025-11-24,social,Taoyuan,new
2089,2023-07-05,referral,Kaohsiung,vip
2090,2024-07-25,ads,Tainan,new
2091,2023-02-03,social,Taipei,new
2092,2022-12-21,ads,Taichung,growth
2093,2023-06-04,social,Kaohsiung,growth
2094,2025-08-11,ads,Kaohsiung,new
2095,2024-04-28,social,Taoyuan,growth
2096,2025-11-06,ads,Tainan,new
2097,2025-04-16,ads,Tainan,new
2098,2024-08-02,referral,Kaohsiung,new
2099,2024-06-06,ads,Taipei,growth
2100,2023-09-19,referral,Taipei,growth
2101,2025-01-31,referral,Hsinchu,new
2102,2025-11-27,referral,Tainan,growth
2103,2023-12-20,partner,Hsinchu,growth
2104,2024-07-24,social,Taoyuan,new
2105,2023-04-30,referral,Taipei,growth
2106,2023-01-15,social,Taipei,new
2107,2025-03-25,referral,Taipei,new
2108,2025-09-24,social,Tainan,new
2109,2024-02-14,organic,Tainan,new
2110,2025-07-09,referral,Hsinchu,growth
2111,2023-05-07,referral,Tainan,new
2112,2023-11-10,social,Taoyuan,growth
2113,2023-04-14,partner,Taipei,new
2114,2025-01-16,social,Taichung,growth
2115,2024-01-14,referral,Taichung,vip
2116,2023-03-15,ads,Taichung,growth
2117,2024-08-12,referral,Hsinchu,new
2118,2025-03-02,ads,Hsinchu,vip
2119,2024-05-16,ads,Tainan,new
2120,2023-12-28,ads,Tainan,new
2121,2024-11-20,partner,Taoyuan,new
2122,2022-12-03,social,Taichung,new
2123,2025-06-17,social,Taoyuan,new
2124,2025-09-22,social,Taoyuan,growth
2125,2025-06-04,social,Hsinchu,new
2126,2023-12-19,ads,Taoyuan,new
2127,2024-10-04,organic,Taoyuan,vip
2128,2023-08-30,referral,Taipei,new
2129,2025-07-09,social,Tainan,new
2130,2024-01-03,referral,Hsinchu,new
2131,2025-10-17,social,Taoyuan,growth
2132,2024-09-23,referral,Kaohsiung,new
2133,2025-07-01,referral,Tainan,vip
2134,2023-09-10,social,Taipei,vip
2135,2022-11-29,ads,Kaohsiung,new
2136,2025-03-29,ads,Kaohsiung,vip
2137,2024-06-21,referral,Taichung,growth
2138,2025-11-20,referral,Kaohsiung,growth
2139,2023-06-20,social,Hsinchu,new
2140,2025-04-27,social,Tainan,growth
2141,2025-11-13,ads,Kaohsiung,new
2142,2024-01-07,social,Tainan,new
2143,2024-10-31,partner,Hsinchu,new
2144,2023-12-27,social,Taipei,vip
2145,2025-10-05,referral,Hsinchu,growth
2146,2023-09-28,referral,Taoyuan,new
2147,2024-08-26,ads,Tainan,new
2148,2023-08-05,ads,Taichung,new
2149,2025-09-01,social,Hsinchu,new
2150,2023-03-22,referral,Taichung,new
2151,2024-03-06,referral,Kaohsiung,new
2152,2024-02-10,referral,Kaohsiung,new
2153,2025-07-18,partner,Tainan,growth
2154,2024-12-27,referral,Taoyuan,new
2155,2025-11-29,referral,Taoyuan,new
2156,2024-03-29,ads,Kaohsiung,new
2157,2023-05-22,ads,Taoyuan,new
2158,2023-07-30,partner,Taoyuan,new
2159,2023-11-21,organic,Taoyuan,new
2160,2024-11-30,referral,Taoyuan,growth
2161,2025-01-12,ads,Taoyuan,growth
2162,2025-10-20,partner,Hsinchu,vip
2163,2024-11-28,ads,Tainan,new
2164,2024-05-29,ads,Taichung,new
2165,2023-06-02,social,Taichung,new
2166,2023-09-22,social,Kaohsiung,new
2167,2023-04-26,social,Taoyuan,growth
2168,2024-05-08,partner,Taoyuan,growth
2169,2024-02-28,social,Taipei,new
2170,2023-02-15,social,Tainan,growth
2171,2025-07-31,referral,Taichung,new
2172,2024-07-27,ads,Hsinchu,growth
2173,2024-08-08,ads,Kaohsiung,growth
2174,2023-02-01,ads,Taipei,new
2175,2025-04-12,social,Taoyuan,new
2176,2025-07-19,referral,Hsinchu,new
2177,2023-03-02,ads,Hsinchu,new
2178,2024-02-19,ads,Taipei,new
2179,2025-04-15,organic,Taichung,growth
2180,2025-01-19,social,Taoyuan,vip
2181,2024-05-14,partner,Taoyuan,new
2182,2023-10-17,organic,Hsinchu,new
2183,2024-07-03,ads,Tainan,growth
2184,2023-12-23,ads,Kaohsiung,new
2185,2023-05-25,social,Kaohsiung,new
2186,2023-08-16,ads,Kaohsiung,growth
2187,2024-07-29,social,Tainan,vip
2188,2023-02-09,ads,Tainan,new
2189,2024-07-19,ads,Hsinchu,new
2190,2024-03-28,referral,Taichung,new
2191,2025-09-30,referral,Taipei,new
2192,2024-10-11,ads,Kaohsiung,new
2193,2023-03-15,ads,Taoyuan,new
2194,2023-03-24,ads,Kaohsiung,new
2195,2023-02-05,referral,Taoyuan,growth
2196,2023-08-13,ads,Kaohsiung,new
2197,2025-04-07,referral,Tainan,new
2198,2025-02-07,partner,Taipei,new
2199,2024-05-07,social,Hsinchu,growth
2200,2025-03-29,referral,Taipei,growth
2201,2024-08-08,referral,Taichung,new
2202,2025-07-31,organic,Taipei,new
2203,2025-10-02,organic,Tainan,growth
2204,2023-04-30,referral,Taichung,new
2205,2025-02-12,social,Taipei,growth
2206,2024-10-07,referral,Taoyuan,growth
2207,2023-04-04,ads,Taipei,growth
2208,2023-04-20,referral,Kaohsiung,new
2209,2023-11-08,organic,Tainan,growth
2210,2025-01-16,partner,Hsinchu,new
2211,2024-01-20,referral,Taipei,new
2212,2024-10-18,ads,Taipei,growth
2213,2023-05-14,social,Kaohsiung,new
2214,2025-01-08,referral,Hsinchu,new
2215,2025-02-14,organic,Taichung,new
2216,2025-04-26,ads,Taoyuan,new
2217,2024-01-31,referral,Taoyuan,growth
2218,2023-04-14,organic,Hsinchu,new
2219,2025-05-18,referral,Tainan,new
2220,2025-06-21,ads,Hsinchu,vip
2221,2023-02-05,social,Kaohsiung,new
2222,2024-11-15,social,Tainan,new
2223,2024-07-27,referral,Kaohsiung,growth
2224,2023-11-14,social,Tainan,growth
2225,2025-03-21,social,Taichung,growth
2226,2024-06-23,ads,Tainan,new
2227,2025-08-23,ads,Kaohsiung,new
2228,2025-01-07,ads,Taipei,new
2229,2023-11-11,referral,Taoyuan,vip
2230,2024-08-14,ads,Hsinchu,vip
2231,2023-08-07,organic,Taoyuan,new
2232,2024-03-09,social,Taichung,new
2233,2022-12-29,ads,Tainan,new
2234,2025-05-18,ads,Tainan,new
2235,2023-12-20,ads,Taichung,vip
2236,2023-10-02,social,Tainan,new
2237,2025-07-04,ads,Tainan,new
2238,2024-02-24,referral,Kaohsiung,new
2239,2023-09-01,ads,Hsinchu,vip
2240,2024-10-24,social,Taipei,new
2241,2023-10-28,ads,Hsinchu,growth
2242,2025-05-04,referral,Hsinchu,growth
2243,2023-03-20,referral,Tainan,new
2244,2025-02-19,social,Taichung,new
2245,2023-11-24,referral,Tainan,vip
2246,2024-04-18,ads,Taichung,new
2247,2022-11-28,social,Taoyuan,growth
2248,2024-06-11,social,Kaohsiung,new
2249,2024-08-06,social,Kaohsiung,new
2250,2025-05-08,social,Taichung,growth
2251,2024-08-16,partner,Taichung,growth
2252,2023-07-09,organic,Taichung,vip
2253,2023-04-04,ads,Tainan,new
2254,2023-09-30,organic,Kaohsiung,new
2255,2023-04-20,ads,Tainan,growth
2256,2025-01-03,partner,Taichung,new
2257,2024-01-18,referral,Tainan,growth
2258,2025-09-13,ads,Taoyuan,new
2259,2023-05-18,referral,Taoyuan,new
2260,2023-06-10,ads,Tainan,growth
2261,2023-09-13,ads,Kaohsiung,new
2262,2025-03-23,social,Tainan,growth
2263,2023-03-02,referral,Tainan,growth
2264,2025-08-27,organic,Taoyuan,new
2265,2025-10-26,ads,Kaohsiung,growth
2266,2025-04-28,referral,Taichung,new
2267,2024-12-25,social,Taoyuan,new
2268,2025-09-10,referral,Taichung,vip
2269,2023-01-07,organic,Tainan,new
2270,2022-12-27,ads,Tainan,new
2271,2024-04-12,social,Taipei,growth
2272,2023-11-15,ads,Taipei,new
2273,2022-12-04,social,Hsinchu,new
2274,2024-05-23,referral,Tainan,new
2275,2024-12-29,social,Taichung,new
2276,2024-07-15,ads,Hsinchu,new
2277,2023-04-02,referral,Kaohsiung,growth
2278,2022-12-31,organic,Taipei,growth
2279,2023-06-27,social,Tainan,new
2280,2025-01-19,ads,Kaohsiung,growth
2281,2025-06-28,organic,Taipei,growth
2282,2023-05-06,ads,Taipei,new
2283,2023-05-01,referral,Taipei,new
2284,2025-04-20,ads,Taichung,vip
2285,2025-06-07,social,Taichung,vip
2286,2024-10-13,social,Kaohsiung,new
2287,2025-10-31,ads,Kaohsiung,growth
2288,2023-04-26,social,Tainan,vip
2289,2024-02-18,referral,Kaohsiung,new
2290,2023-09-27,social,Tainan,vip
2291,2024-01-16,partner,Taoyuan,vip
2292,2025-04-20,social,Tainan,new
2293,2024-03-29,social,Taichung,new
2294,2025-04-20,referral,Kaohsiung,new
2295,2025-11-01,referral,Taipei,growth
2296,2023-11-02,ads,Tainan,new
2297,2024-10-25,referral,Taoyuan,new
2298,2023-06-09,ads,Hsinchu,new
2299,2025-03-10,social,Taichung,new
2300,2025-06-11,social,Taipei,new
2301,2025-02-23,organic,Hsinchu,new
2302,2025-08-20,referral,Kaohsiung,growth
2303,2025-04-21,ads,Hsinchu,new
2304,2025-08-08,ads,Kaohsiung,new
2305,2024-06-15,social,Tainan,new
2306,2025-09-17,referral,Taichung,growth
2307,2025-07-08,social,Hsinchu,growth
2308,2023-07-30,organic,Kaohsiung,growth
2309,2024-07-06,ads,Taoyuan,new
2310,2023-05-01,social,Hsinchu,new
2311,2023-07-20,ads,Tainan,growth
2312,2024-09-15,social,Taoyuan,growth
2313,2025-05-25,ads,Hsinchu,new
2314,2024-07-29,referral,Taipei,new
2315,2023-06-22,referral,Taipei,new
2316,2025-06-23,ads,Taipei,new
2317,2023-04-11,referral,Taipei,vip
2318,2024-02-27,organic,Taichung,new
2319,2023-04-05,organic,Tainan,new
2320,2025-04-08,ads,Taoyuan,growth
2321,2025-01-11,social,Taichung,growth
2322,2025-04-11,partner,Taipei,vip
2323,2023-09-12,referral,Taoyuan,new
2324,2023-04-09,ads,Kaohsiung,new
2325,2022-12-09,ads,Taichung,new
2326,2023-07-22,ads,Hsinchu,new
2327,2024-11-09,referral,Taoyuan,new
2328,2022-11-29,social,Hsinchu,new
2329,2025-07-08,social,Hsinchu,new
2330,2025-05-16,ads,Hsinchu,new
2331,2025-08-24,social,Taipei,growth
2332,2023-08-30,social,Hsinchu,new
2333,2024-03-20,organic,Taoyuan,growth
2334,2023-03-23,ads,Kaohsiung,growth
2335,2025-06-08,organic,Tainan,vip
2336,2025-01-10,social,Taichung,vip
2337,2025-01-18,organic,Taoyuan,growth
2338,2025-04-13,social,Taipei,new
2339,2024-05-26,social,Hsinchu,vip
2340,2023-11-30,social,Hsinchu,vip
2341,2024-05-11,social,Kaohsiung,growth
2342,2025-08-15,referral,Tainan,growth
2343,2023-08-18,partner,Taipei,new
2344,2025-04-28,ads,Taichung,new
2345,2024-06-02,ads,Taichung,growth
2346,2023-05-11,ads,Kaohsiung,new
2347,2024-11-22,social,Hsinchu,new
2348,2025-06-29,referral,Taipei,growth
2349,2025-01-09,ads,Taipei,new
2350,2023-04-20,social,Kaohsiung,new
2351,2025-01-13,social,Kaohsiung,growth
2352,2025-05-14,ads,Hsinchu,vip
2353,2023-01-31,social,Hsinchu,new
2354,2023-02-12,social,Taipei,new
2355,2024-04-27,organic,Tainan,growth
2356,2024-05-28,ads,Taichung,new
2357,2025-03-22,referral,Tainan,vip
2358,2023-06-05,social,Kaohsiung,vip
2359,2023-05-15,ads,Kaohsiung,new
2360,2024-05-20,referral,Taichung,new
2361,2023-03-23,referral,Taipei,growth
2362,2025-09-10,ads,Taipei,new
2363,2025-06-10,ads,Taoyuan,vip
2364,2023-06-22,referral,Taipei,growth
2365,2025-06-05,ads,Kaohsiung,new
2366,2024-03-05,social,Hsinchu,growth
2367,2023-09-19,referral,Taipei,growth
2368,2023-05-03,organic,Hsinchu,new
2369,2023-06-18,social,Taipei,growth
2370,2023-07-25,ads,Hsinchu,vip
2371,2023-12-22,organic,Hsinchu,new
2372,2024-11-13,ads,Taipei,new
2373,2024-06-07,partner,Tainan,new
2374,2023-02-14,referral,Kaohsiung,new
2375,2023-03-23,referral,Hsinchu,new
2376,2024-07-23,ads,Kaohsiung,new
2377,2022-12-19,ads,Taoyuan,new
2378,2024-12-01,social,Taichung,new
2379,2023-06-09,ads,Taoyuan,growth
2380,2023-04-01,ads,Hsinchu,growth
2381,2023-06-15,ads,Taichung,vip
2382,2025-08-25,ads,Taipei,new
2383,2023-07-18,referral,Kaohsiung,new
2384,2025-01-16,partner,Tainan,new
2385,2023-04-24,partner,Hsinchu,new
2386,2023-06-09,social,Kaohsiung,growth
2387,2023-10-28,ads,Hsinchu,growth
2388,2024-04-23,ads,Kaohsiung,new
2389,2023-10-11,ads,Taoyuan,new
2390,2023-12-26,ads,Taichung,new
2391,2024-12-23,ads,Taipei,new
2392,2024-10-09,social,Kaohsiung,vip
2393,2024-03-12,social,Taipei,growth
2394,2024-05-16,ads,Taichung,new
2395,2024-06-17,referral,Hsinchu,new
2396,2023-06-12,referral,Taipei,growth
2397,2023-07-30,social,Taoyuan,new
2398,2025-03-30,ads,Kaohsiung,new
2399,2024-10-20,social,Taipei,growth
2400,2025-03-24,ads,Taichung,new
2401,2023-03-21,referral,Tainan,new
2402,2024-06-16,referral,Taoyuan,new
2403,2025-11-20,social,Taichung,new
2404,2024-06-03,ads,Hsinchu,growth
2405,2023-08-05,referral,Taichung,new
2406,2025-04-18,referral,Hsinchu,new
2407,2024-02-15,social,Hsinchu,growth
2408,2024-02-21,social,Hsinchu,vip
2409,2022-12-11,organic,Taichung,new
2410,2025-06-18,social,Taichung,new
2411,2024-01-04,social,Hsinchu,growth
2412,2023-11-09,ads,Hsinchu,new
2413,2025-02-12,social,Taoyuan,new
2414,2023-11-11,social,Taipei,new
2415,2023-01-21,social,Kaohsiung,new
2416,2025-06-01,ads,Hsinchu,new
2417,2025-02-09,referral,Taipei,new
2418,2023-12-08,social,Taipei,new
2419,2025-10-07,social,Kaohsiung,new
2420,2024-03-28,social,Taichung,new
2421,2025-04-07,partner,Hsinchu,new
2422,2024-09-07,ads,Tainan,new
2423,2023-08-14,social,Kaohsiung,new
2424,2023-04-06,social,Taichung,growth
2425,2022-12-19,social,Tainan,growth
2426,2025-09-04,social,Taipei,growth
2427,2024-08-31,social,Taoyuan,growth
2428,2025-02-10,ads,Kaohsiung,growth
2429,2023-10-14,referral,Taipei,new
2430,2025-03-05,referral,Taipei,new
2431,2023-09-09,ads,Taipei,new
2432,2024-11-15,referral,Taipei,growth
2433,2024-12-25,ads,Taoyuan,new
2434,2024-07-09,social,Kaohsiung,new
2435,2024-08-31,social,Taipei,growth
2436,2024-03-28,referral,Hsinchu,new
2437,2023-08-01,referral,Tainan,new
2438,2023-02-15,organic,Taichung,new
2439,2024-07-06,ads,Taipei,growth
2440,2024-11-10,referral,Tainan,new
2441,2023-07-20,ads,Hsinchu,growth
2442,2023-09-24,partner,Taichung,new
2443,2023-09-30,referral,Taichung,vip
2444,2024-01-05,partner,Tainan,new
2445,2025-02-07,ads,Kaohsiung,growth
2446,2025-07-26,social,Hsinchu,growth
2447,2023-02-22,referral,Taichung,growth
2448,2023-12-26,social,Kaohsiung,new
2449,2023-09-22,ads,Taipei,new
2450,2023-07-13,referral,Taoyuan,growth
2451,2025-02-26,social,Taichung,growth
2452,2025-08-15,partner,Hsinchu,growth
2453,2025-07-29,ads,Tainan,growth
2454,2023-05-12,referral,Tainan,vip
2455,2023-04-10,ads,Hsinchu,vip
2456,2022-12-19,referral,Taoyuan,vip
2457,2023-01-22,organic,Tainan,growth
2458,2024-01-08,ads,Taoyuan,new
2459,2023-02-03,social,Kaohsiung,new
2460,2024-11-04,partner,Kaohsiung,new
2461,2024-11-21,referral,Taoyuan,new
2462,2024-09-01,ads,Tainan,vip
2463,2025-02-12,social,Kaohsiung,vip
2464,2024-12-07,referral,Taipei,growth
2465,2025-02-13,organic,Taichung,new
2466,2024-09-05,partner,Tainan,vip
2467,2025-05-14,social,Hsinchu,new
2468,2024-10-04,partner,Kaohsiung,growth
2469,2023-04-28,ads,Taoyuan,new
2470,2025-04-09,social,Taipei,new
2471,2023-01-12,referral,Tainan,new
2472,2023-12-12,ads,Taipei,new
2473,2023-12-27,social,Taichung,new
2474,2025-10-28,organic,Taipei,growth
2475,2024-09-22,partner,Hsinchu,growth
2476,2023-04-24,organic,Taichung,new
2477,2024-11-21,ads,Taipei,new
2478,2024-09-12,ads,Taoyuan,new
2479,2024-09-30,social,Taoyuan,new
2480,2023-11-23,social,Taoyuan,growth
2481,2023-05-06,partner,Hsinchu,new
2482,2025-01-27,ads,Taoyuan,new
2483,2022-12-21,social,Taipei,growth
2484,2023-03-23,social,Hsinchu,new
2485,2024-10-12,partner,Tainan,new
2486,2025-04-27,referral,Kaohsiung,new
2487,2023-05-16,ads,Hsinchu,new
2488,2024-09-04,social,Taichung,new
2489,2024-02-10,organic,Taoyuan,new
2490,2024-10-13,ads,Kaohsiung,growth
2491,2025-08-27,social,Taichung,new
2492,2025-09-28,social,Hsinchu,growth
2493,2023-12-11,partner,Kaohsiung,new
2494,2023-01-26,ads,Kaohsiung,new
2495,2024-04-04,referral,Hsinchu,growth
2496,2024-11-24,social,Kaohsiung,new
2497,2025-01-29,ads,Kaohsiung,growth
2498,2024-12-10,partner,Taichung,growth
2499,2024-10-04,organic,Taichung,new
2500,2024-11-28,ads,Kaohsiung,new
